Date,SPY,QQQ,GLD,TLT
2022-01-04,,,,
2022-01-05,,,,
2022-01-06,,,,
2022-01-07,,,,
2022-01-10,,,,
2022-01-11,,,,
2022-01-12,,,,
2022-01-13,,,,
2022-01-14,,,,
2022-01-18,,,,
2022-01-19,,,,
2022-01-20,,,,
2022-01-21,,,,
2022-01-24,,,,
2022-01-25,,,,
2022-01-26,,,,
2022-01-27,,,,
2022-01-28,,,,
2022-01-31,,,,
2022-02-01,,,,
2022-02-02,,,,
2022-02-03,,,,
2022-02-04,,,,
2022-02-07,,,,
2022-02-08,,,,
2022-02-09,,,,
2022-02-10,,,,
2022-02-11,,,,
2022-02-14,,,,
2022-02-15,0.1994751774199608,0.30546184034056345,0.12374908397768003,0.1461309698433446
2022-02-16,0.19963819950691733,0.3043748184215358,0.12534091063161498,0.14785895464516818
2022-02-17,0.20133136206566268,0.3036248286526676,0.1298803888672083,0.14983953662487043
2022-02-18,0.20166283653424874,0.3043920246356527,0.12333003824072991,0.15340759724624853
2022-02-22,0.20306533567437948,0.3042404570190666,0.12309267604853315,0.15268333200102793
2022-02-23,0.20765755163847,0.31043752184034346,0.12328279281991118,0.15684537135921656
2022-02-24,0.2113943198158972,0.3249624362127209,0.1217663681988971,0.15513067373622974
2022-02-25,0.22305019053477915,0.3291020834574172,0.12244155357754347,0.15511572605972693
2022-02-28,0.22040650294075245,0.3231982905242271,0.12448542896240858,0.1667987647356081
2022-03-01,0.22357799294483754,0.3240937301627047,0.13257710216044186,0.16429332624061824
2022-03-02,0.2266887994486619,0.3225286413018889,0.1371954224010547,0.18777526085147708
2022-03-03,0.22534136300730423,0.3234712862237432,0.13136923720522886,0.18917485979678253
2022-03-04,0.22437010783676853,0.32394107075908296,0.1370087988132549,0.19530865458899055
2022-03-07,0.2331180315796252,0.3312310188762895,0.14064128045560786,0.19286652927586848
2022-03-08,0.23317675633367405,0.3306134034944549,0.1574208211070969,0.19354059828402803
2022-03-09,0.24506234321715853,0.3430714632030423,0.1847305618106587,0.1951979703776975
2022-03-10,0.24527913342530358,0.34437630235734285,0.176017894054977,0.19639651446568732
2022-03-11,0.24752791290357423,0.34816253706683997,0.17213920177022643,0.18791184362005675
2022-03-14,0.23590747392751996,0.33743958933831564,0.17942965069019393,0.1977526453727461
2022-03-15,0.23907618565685002,0.3368909458545994,0.18980309261535477,0.19762694215402102
2022-03-16,0.24782826769972344,0.3555770606082988,0.19012818659752864,0.2007137760814209
2022-03-17,0.24902645886165398,0.35676053687713494,0.19023827942201052,0.20060616169134998
2022-03-18,0.24094257256887752,0.3430456303853034,0.19269718047237114,0.20431198934934516
2022-03-21,0.24052205158704243,0.34112465621139687,0.1933466035564632,0.21031918479299402
2022-03-22,0.24277850265670373,0.34523870677868684,0.19466427570343225,0.21242253818671245
2022-03-23,0.24447963441890344,0.34623034669913566,0.19764326933644577,0.22341995995547007
2022-03-24,0.24471730858887866,0.3468056449138819,0.19816421042936988,0.22389620213221303
2022-03-25,0.23936957852109225,0.34036801676745904,0.19824627290255767,0.2228716929186383
2022-03-28,0.23234192250689373,0.3290737331386597,0.20030146521552508,0.21951692446927956
2022-03-29,0.23411153874997617,0.3320452887940975,0.19989449974626422,0.2189145452584267
2022-03-30,0.23113486735979707,0.32722205794584147,0.1984183072551653,0.21834832879579347
2022-03-31,0.23598281511977975,0.32957931628894127,0.1966725202316734,0.2176583074138558
2022-04-01,0.22676141885699894,0.3167798043386241,0.19415651034790596,0.21646470382513505
2022-04-04,0.22647747923032396,0.31880893697109336,0.1945234632616487,0.21429192387110868
2022-04-05,0.22745488380085147,0.3249566345146135,0.19550159211882043,0.22230589044431837
2022-04-06,0.2227574135734679,0.3222175593587247,0.19520696696741904,0.2203836661787292
2022-04-07,0.2195211512524654,0.3084656820818266,0.19437067969777375,0.22072770201072647
2022-04-08,0.21107670326866987,0.3086598738424597,0.19464427491850902,0.22179470827808181
2022-04-11,0.2172150450307178,0.31636383573286997,0.19300518281400922,0.2118587499288431
2022-04-12,0.21255422892025674,0.31343554730230894,0.18711476295622825,0.20764454327312676
2022-04-13,0.2084514007000318,0.31525038913309933,0.18461283840951648,0.18834770497096798
2022-04-14,0.21126244231139094,0.31960599901001246,0.184389164101427,0.18986978002107172
2022-04-18,0.20976735205264369,0.31671495503316033,0.17882054898846098,0.17848187437859303
2022-04-19,0.19414700201344096,0.30244786024290937,0.17860966212357277,0.17846504634724655
2022-04-20,0.1922007727793596,0.3057850171388591,0.15861516593268818,0.19206348292846875
2022-04-21,0.18380922658866508,0.2949172892197798,0.13449841609430008,0.19156644176367313
2022-04-22,0.20087728656659068,0.30301625296241325,0.13650811007998284,0.18917967689275136
2022-04-25,0.19773866728601333,0.2990553061060715,0.14412712212191023,0.19229673606483452
2022-04-26,0.214631743387828,0.3142210909142308,0.13839714249809923,0.18662530658499796
2022-04-27,0.2045295955743009,0.2998943489355001,0.12940329471790613,0.18904341789445608
2022-04-28,0.20768886431896097,0.2981902504385064,0.12903451922434933,0.18574929899027345
2022-04-29,0.22909938482676145,0.32131941166318423,0.12801521428826107,0.18757131740127914
2022-05-02,0.2284750934998115,0.31910790419507196,0.13621957162462056,0.18708042738567052
2022-05-03,0.229269978516703,0.3193193397815501,0.1342105023772028,0.1807937432417712
2022-05-04,0.24495927167677867,0.33045856449278915,0.13662353744742567,0.18017792626892173
2022-05-05,0.2623450975909815,0.357135016092761,0.12996349729283582,0.17843912824788943
2022-05-06,0.2573486377120609,0.34927686546684095,0.12778456155352036,0.18073621704018772
2022-05-09,0.2695846715537353,0.36288089540829094,0.13311976050658733,0.1824780226431411
2022-05-10,0.26820029477804147,0.3612914798771658,0.12541864100013092,0.1827888878872023
2022-05-11,0.2654381321952248,0.3604691596351809,0.12837936399636685,0.1920087045931431
2022-05-12,0.26569587762820895,0.3606541995586998,0.13164960757088856,0.1891494122038708
2022-05-13,0.2766055308738779,0.3825720591617483,0.13264170702083714,0.1908881632886567
2022-05-16,0.27590050913518016,0.38274582685002895,0.1362886455193329,0.19014521052914643
2022-05-17,0.28275194034502155,0.3862608759008328,0.1354589113796287,0.19133040551960362
2022-05-18,0.30123014151981675,0.40356940469801544,0.1350606366547151,0.19754253757722834
2022-05-19,0.30082466082145237,0.40110794759851,0.1429049304235001,0.19756419621109506
2022-05-20,0.2998676967350318,0.40039192000017937,0.14220451537343304,0.2011165633087077
2022-05-23,0.3073270515468276,0.40520542296842643,0.14151003038015095,0.20388125254142225
2022-05-24,0.30498934499428754,0.40432900057802995,0.14272959547255737,0.2093260442902111
2022-05-25,0.3070735729448035,0.40820953690389494,0.14058333177136156,0.20983308308013615
2022-05-26,0.3115428887103174,0.41268795966376215,0.13912418128818993,0.20989290431467542
2022-05-27,0.3199211309344492,0.42248715060164443,0.139297001880037,0.20226787557832207
2022-05-31,0.32007446563517605,0.4223613793137406,0.14020969687091892,0.21072462466358968
2022-06-01,0.3159737546276892,0.4157242000745737,0.13718749595299382,0.20990170034571334
2022-06-02,0.3221124146941701,0.4239584413012462,0.14191815054921667,0.20041588097353755
2022-06-03,0.3226526713049932,0.4262335188889038,0.14401190179570586,0.19963268253317978
2022-06-06,0.31370645633350214,0.4205616360493439,0.14226502401806282,0.20532372917884284
2022-06-07,0.3146064942577989,0.41948090123740156,0.13525536748982717,0.2057306104031406
2022-06-08,0.30475915060493897,0.40579998566009573,0.13508395794960124,0.20368289968586953
2022-06-09,0.31212306563014913,0.4127911484202269,0.13377951289737333,0.20177427551099697
2022-06-10,0.3119167842322709,0.40852162076708076,0.13886493904751512,0.20194171844737993
2022-06-13,0.3128894394126627,0.4098515339140226,0.15797079066036399,0.2171247255524524
2022-06-14,0.3117342932398978,0.4055823608223377,0.15076101816410503,0.2136902466455559
2022-06-15,0.3150872055334239,0.4142349470274404,0.1558424083541807,0.2207818544431632
2022-06-16,0.3103922547901161,0.41169845212661743,0.15671953355381318,0.2216089947591278
2022-06-17,0.2966606225806337,0.39276695145183815,0.15803394624619568,0.2083693806176184
2022-06-21,0.3083001679472476,0.3997979657257781,0.1581098369395581,0.2097448395503748
2022-06-22,0.2956717683567828,0.3847355090448503,0.1532863699777868,0.2238325328124491
2022-06-23,0.2973872171402916,0.38566958236234344,0.152355729794729,0.2235341289000226
2022-06-24,0.309392920515278,0.3896242649440712,0.1502931994575002,0.21881640199345537
2022-06-27,0.3095755168611992,0.3902190884306913,0.14358802460155776,0.21977297456488795
2022-06-28,0.30630762971388803,0.3841883715997104,0.14162995013268836,0.2169108150903987
2022-06-29,0.30622695085005874,0.3831294839629048,0.13884875372132852,0.22221106467147794
2022-06-30,0.29947026510801755,0.37542508419552334,0.13877227946598916,0.22097058483132767
2022-07-01,0.27921422420843567,0.34937919214442914,0.13877163406948553,0.2132426538779746
2022-07-05,0.2788433404116318,0.3528936543708827,0.14423502090393786,0.21440952054690984
2022-07-06,0.27905918953209546,0.35325821610012903,0.1500177804351068,0.21691715179239543
2022-07-07,0.2770402233952619,0.35544384500226456,0.14892275757631493,0.2132754824982051
2022-07-08,0.2762235485036584,0.34945214516100376,0.14635218476647108,0.20617247179972226
2022-07-11,0.276643257546348,0.35317763333569424,0.14621676030056802,0.21285734254260874
2022-07-12,0.2702115697004087,0.3441869491707617,0.1462692393533495,0.21364240483511604
2022-07-13,0.2583760671724089,0.32883878540995326,0.1475121648444392,0.2164726356051596
2022-07-14,0.25825343234131437,0.32929448923386895,0.14986748872359196,0.20891798556996416
2022-07-15,0.26536239256189326,0.33408177702538133,0.1475879111874352,0.20942800730072997
2022-07-18,0.25832912346228515,0.3232601428059053,0.14113480138185444,0.2116081491796119
2022-07-19,0.26892936815487595,0.32926986456351315,0.14028621954984455,0.21206268529750052
2022-07-20,0.26957715746016925,0.33257419095765667,0.1415935135564553,0.20517448911971467
2022-07-21,0.2697893622863273,0.33431195177052825,0.14749581287521024,0.20888185071749857
2022-07-22,0.2693343221642642,0.3375588090886006,0.14814321569778102,0.2121043103632602
2022-07-25,0.2607223176085719,0.3286496795202408,0.14812778968698417,0.21444018228439507
2022-07-26,0.24881457692266035,0.3168625777325593,0.14046304828019876,0.21337599142318092
2022-07-27,0.23199389608461451,0.30590558552930563,0.1264644461289606,0.19114604390593165
2022-07-28,0.23325019773176614,0.3063303736346675,0.13107393184347668,0.18671214437248834
2022-07-29,0.23338888094710064,0.30293641313763797,0.12477369761855407,0.18103180670048732
2022-08-01,0.20799259616910556,0.27299871209932547,0.12089002876925353,0.18964248897960326
2022-08-02,0.2095051944272061,0.27314763292277894,0.11996102860069813,0.2015871528833403
2022-08-03,0.2027484362367191,0.275729101603708,0.12025354380005852,0.19759859301866198
2022-08-04,0.20252041088924136,0.27509586748105436,0.13006369697270392,0.18324025471433994
2022-08-05,0.20212650304276686,0.2759949344572541,0.13271002568253407,0.1965384290802828
2022-08-08,0.18309747780855523,0.261536089300033,0.1354901320457513,0.19640808579244814
2022-08-09,0.18313955750419905,0.2631502500484641,0.13590180169479119,0.1947514050162718
2022-08-10,0.17842277540333737,0.25316418408393904,0.1359883495158033,0.19607097833986223
2022-08-11,0.17827337816737346,0.2547538550118828,0.13612511190524285,0.20406803167151705
2022-08-12,0.1790207970020188,0.2530579298311566,0.1379609600325251,0.20460006550842813
2022-08-15,0.17799956822353416,0.25314418002505024,0.14285348517836574,0.2032072546984183
2022-08-16,0.17799248123673492,0.251774820286184,0.12875510117477337,0.2022405402675629
2022-08-17,0.18087370844393721,0.25617663069826174,0.12127607770834221,0.19850160669829808
2022-08-18,0.17765651643267405,0.25110606440582567,0.12160680360513264,0.19674215255794164
2022-08-19,0.18382025978145908,0.2599752664552645,0.12363352212001784,0.1998061943004638
2022-08-22,0.1919866057468134,0.2643939934195415,0.1241790533222497,0.19338637410065004
2022-08-23,0.18957060755480576,0.26195380764455384,0.12521305856671433,0.19294324347635203
2022-08-24,0.18805777086376152,0.2614770182359225,0.1247695788424128,0.19020045554887072
2022-08-25,0.19000817466983153,0.2647367647919859,0.11721752622791688,0.19417530430687419
2022-08-26,0.21295060963281373,0.2911810625236904,0.12297952837325117,0.19479573515611584
2022-08-29,0.21232869933580895,0.2916392850726073,0.1229752653643885,0.1939591259391291
2022-08-30,0.20146354183669546,0.28062638978204213,0.12551701861160414,0.19360593628679174
2022-08-31,0.20204409971829992,0.2772990555232496,0.12448852495599545,0.19520790509671634
2022-09-01,0.20001436789782379,0.27383310484788687,0.12000601869314123,0.1955324975300794
2022-09-02,0.2005510645696383,0.2721895363561975,0.12272547198788679,0.18877059426810117
2022-09-06,0.2007739768316823,0.2724644620221369,0.12359458585869176,0.1986315820664872
2022-09-07,0.20448042990954793,0.2728212906198172,0.12726842919808296,0.20568040427242973
2022-09-08,0.19088996478707318,0.24325507398036694,0.12464301511920454,0.2067566858194772
2022-09-09,0.1927843435212248,0.25014838359234487,0.12004553158001996,0.20489157497990498
2022-09-12,0.19059400977577948,0.24674054803129258,0.12080473094777938,0.20551450350684192
2022-09-13,0.22846245637341292,0.29290441508133497,0.12434890205692804,0.19203774393709447
2022-09-14,0.22838286566070204,0.29435378284560604,0.12381874897761597,0.18555780015199083
2022-09-15,0.22463183173847007,0.28400121866087985,0.1331470423502201,0.17727466692506763
2022-09-16,0.22636415930512932,0.2830908087031527,0.12333984875495384,0.17763822737070065
2022-09-19,0.22822695535314688,0.28409717145790153,0.12066023178720588,0.16759966392892356
2022-09-20,0.22986268986395647,0.28443649000872284,0.11700616063062139,0.15899833106659977
2022-09-21,0.23398681105098254,0.28667448186458644,0.11773350006977373,0.1695122625797847
2022-09-22,0.22331031257485287,0.2716133341209828,0.11784046397154635,0.18162696858837968
2022-09-23,0.22613252346084398,0.2736091198198347,0.12562673900737753,0.17278357744994055
2022-09-26,0.21744624903279341,0.26343906936814365,0.12288843726957206,0.17486704667463462
2022-09-27,0.21581602504820452,0.2607889749421811,0.12053185708738537,0.18665147750750277
2022-09-28,0.22690220189976051,0.27146074808389875,0.13879201468866156,0.21545668978369753
2022-09-29,0.2315742427723296,0.2793069204395304,0.13830416626206565,0.2145049376136513
2022-09-30,0.2320467416348667,0.27979959476861294,0.13841635815883988,0.21580173096585895
2022-10-03,0.24891309589946833,0.2903348611187684,0.1567864073371475,0.2180694506982485
2022-10-04,0.26433232265506895,0.3020990755825509,0.16174987906245888,0.21806154044593734
2022-10-05,0.26433372402291494,0.3021223374195049,0.16102166745177784,0.21882771126938189
2022-10-06,0.2645520056683326,0.3017801088635713,0.1606823684222322,0.21857491328815357
2022-10-07,0.26851970865579056,0.3105046166333529,0.16295580560232278,0.21353135208613722
2022-10-10,0.25414857742838626,0.29229665430628293,0.16496922512003645,0.21356526872428483
2022-10-11,0.25412318565446484,0.29311897819242344,0.16488580064427064,0.21470799133354876
2022-10-12,0.2532135831713817,0.29273733181164685,0.16462034803384704,0.21545020863147127
2022-10-13,0.2672649587342389,0.30356922074229326,0.164347648810114,0.21545149601005514
2022-10-14,0.27308065295998407,0.31294790267191674,0.16621673583399543,0.21016832314924916
2022-10-17,0.2846621213747084,0.32961452910540967,0.1640533543086688,0.20841402473450754
2022-10-18,0.28739958094939627,0.3307852853106336,0.16372102179068013,0.1993208998462824
2022-10-19,0.28172745589217074,0.3238151284476845,0.16409012655732666,0.19593460334663074
2022-10-20,0.280936062157907,0.3228914480552921,0.16358522907227335,0.1988043889720462
2022-10-21,0.2870152248206667,0.32400329578050074,0.1719735250555648,0.2017117784437854
2022-10-24,0.2876485245745017,0.3236502408357759,0.17104807958199827,0.2017185227695759
2022-10-25,0.2648341004255434,0.29190966864364226,0.16775590672869659,0.22381982341231252
2022-10-26,0.2652446266533643,0.2969176158181148,0.16881150663139188,0.2291972168543297
2022-10-27,0.2637626258248944,0.29761969528874466,0.159912728182079,0.23271028565950497
2022-10-28,0.27091759826804096,0.31187306482849103,0.16167178838003904,0.23247391689962307
2022-10-31,0.2708803761038924,0.3127407058892905,0.16311449225163197,0.23211518987135568
2022-11-01,0.2690550072085457,0.31322165949175174,0.16547828290188904,0.23320658532734528
2022-11-02,0.27427313374031864,0.3241130724574569,0.1658899230633085,0.22556410748528063
2022-11-03,0.27482774857685244,0.326782486977972,0.1661358566814429,0.21596724785776483
2022-11-04,0.2732898953301532,0.32813131635630155,0.18217454755594403,0.21845046853123767
2022-11-07,0.2724327076667665,0.3298521021242797,0.17895010794246105,0.21443062217115652
2022-11-08,0.2723680092194315,0.33064107189286496,0.19001417065615275,0.2069146810100368
2022-11-09,0.2744170564553877,0.3311834589691766,0.18212258199767614,0.17819708022591904
2022-11-10,0.30898955298985326,0.38727668915468466,0.2011667825931453,0.21506985484220625
2022-11-11,0.3044981503878412,0.3861254654811723,0.20153355690236743,0.2125509931532545
2022-11-14,0.29876943883829377,0.3823966485338076,0.19027648173164619,0.20780807038579263
2022-11-15,0.28713642442035464,0.37380640920770386,0.18643862300119066,0.214321799343154
2022-11-16,0.2882268253711953,0.3762331405308105,0.18567866887376328,0.2230129570545627
2022-11-17,0.28634981260057274,0.3754721934497378,0.18718148928566197,0.22450452069133142
2022-11-18,0.2720115303738178,0.35688787938130473,0.18529289247443845,0.2236382166679243
2022-11-21,0.2708888905071283,0.3569747829904286,0.179968538773824,0.21926369613266808
2022-11-22,0.2709093319513358,0.3554219551109117,0.17967133528800383,0.22265896178497968
2022-11-23,0.27013282832345215,0.3558305079498509,0.17985311891580733,0.22765848946095346
2022-11-25,0.2620076993338754,0.3517528061283667,0.17807479002761795,0.2258525033936925
2022-11-28,0.2567945446043917,0.34210803265950646,0.17537329734714732,0.2240760147643219
2022-11-29,0.24837571675724657,0.3311250029390148,0.17556941890668032,0.2266685762641247
2022-11-30,0.2609709456248064,0.3545702449953174,0.17831823328480187,0.2273150702046378
2022-12-01,0.2594265761898721,0.3540783911731046,0.17767425734550646,0.23323262271683107
2022-12-02,0.25739200062785395,0.3538711621820743,0.17821638620157496,0.2266110509706101
2022-12-05,0.2571870955337452,0.3529025226913691,0.18236136440822057,0.2234752126254201
2022-12-06,0.2598324017893977,0.35756869863830687,0.18162970506331852,0.22155999436719623
2022-12-07,0.2562570118408705,0.3526659414052085,0.182641671611166,0.2168405384574644
2022-12-08,0.25576842572725,0.34804077589278737,0.18236280739145605,0.21592836041016525
2022-12-09,0.2563259847023886,0.34405465130053675,0.1819894347164958,0.23204588910361537
2022-12-12,0.25054465056053205,0.3345545726933129,0.18087909688602266,0.23014748041888078
2022-12-13,0.25001433312464766,0.3336611221699295,0.18251418508875247,0.22864803338730055
2022-12-14,0.25049098454652136,0.3329057936699728,0.1821711402833525,0.22847923522044394
2022-12-15,0.24991414854664698,0.3322558421544143,0.18860131204384803,0.22729361047890717
2022-12-16,0.252958212303086,0.3279683630039287,0.1882843228076162,0.22997013171268701
2022-12-19,0.2512770002067617,0.32929102834095597,0.16992916587189213,0.22997370916464915
2022-12-20,0.24980980013804063,0.327900002607826,0.17396146941387813,0.2350777075640898
2022-12-21,0.25306150681718415,0.32987079537233627,0.16330116665507632,0.234045993063987
2022-12-22,0.24910838217363035,0.3307634361279024,0.16716168348856128,0.23426188189952019
2022-12-23,0.1897288213754029,0.2478838536754376,0.14341418176110796,0.2144403946347356
2022-12-27,0.18719441153365002,0.24277034474989648,0.14415110158245614,0.22266410169304612
2022-12-28,0.18882681530830706,0.24405293877573667,0.14491970969008575,0.22332993697889889
2022-12-29,0.19510019199946826,0.2521395820963467,0.14540358141441678,0.2208531728523764
2022-12-30,0.19420719603537637,0.2500109607083832,0.14555619587261875,0.21380242318409107
2023-01-03,0.1943395259589867,0.25036095029293104,0.1449478841168544,0.21891421796659435
2023-01-04,0.19535471364142387,0.2511257331968784,0.14448271898406076,0.22103025459961226
2023-01-05,0.19756307006388898,0.2531038658811718,0.14891787724235353,0.22102614424817052
2023-01-06,0.20543758072873955,0.26338505511432375,0.1567643320651777,0.2235043216993436
2023-01-09,0.204301166524949,0.2621782315066111,0.15633431793269442,0.2186003919100975
2023-01-10,0.2056576822525169,0.26353998836636433,0.1563329795655982,0.22409581488838615
2023-01-11,0.20417211861822188,0.26598007149485653,0.15360627746938887,0.22866617453362206
2023-01-12,0.20436028026176306,0.26563230146797273,0.15568448183872602,0.23170066591273178
2023-01-13,0.1820948021400855,0.22901788271682086,0.15526499722098844,0.23337126619782464
2023-01-17,0.18212463220112668,0.2291076137229918,0.15019114443265888,0.21853264546085197
2023-01-18,0.18728497815204107,0.2314997874874837,0.15001872047834225,0.2267322972469327
2023-01-19,0.18143280017800453,0.22839416168084428,0.1438816609409603,0.22349146250686375
2023-01-20,0.18522158885912132,0.235421717122453,0.14506707488962003,0.22575756041930092
2023-01-23,0.18820645402698938,0.24344275065989304,0.143889283662997,0.21455989378510518
2023-01-24,0.18703763853624283,0.24144002155643882,0.14381828467519658,0.21909786550360752
2023-01-25,0.18554570593990913,0.2406898656267482,0.14390513589691722,0.20540522000186098
2023-01-26,0.1835933670356534,0.24445500157592343,0.14445020815155402,0.20574892079056686
2023-01-27,0.18247308720111158,0.24419019801610023,0.13826836071145687,0.2038932102578332
2023-01-30,0.18530457311429954,0.250748155844863,0.13830692410779755,0.20366727167271048
2023-01-31,0.17452821642460817,0.23211607231996503,0.12679362693096535,0.205085848101929
2023-02-01,0.1680091605780458,0.23583092982929876,0.1288640079018429,0.2042628867450832
2023-02-02,0.1683493642477858,0.2465049615117339,0.1452064538258375,0.19763485783425697
2023-02-03,0.17297203934261263,0.2547190831184541,0.15892074837333167,0.19547775107809237
2023-02-06,0.1708053383498286,0.25548192226053057,0.15876684027344068,0.19696567564078232
2023-02-07,0.16645938928569587,0.24570144085378448,0.15383180445645625,0.1986024516645069
2023-02-08,0.1709795183725694,0.25443953771233085,0.15379358544122174,0.19361973811046174
2023-02-09,0.1730368399578536,0.2515209488268835,0.15463218312781365,0.18609683473790833
2023-02-10,0.16736513256321348,0.24814355651666192,0.15379988431980926,0.18854455682232976
2023-02-13,0.16333441278574276,0.24356920409174085,0.1542045759509501,0.1873769206906709
2023-02-14,0.16285963130887873,0.24319476417985691,0.1537556911707273,0.18403608330771162
2023-02-15,0.1615838268469989,0.24079732887804975,0.15490742518648995,0.17882974934300266
2023-02-16,0.16782286370751037,0.25072110469419523,0.15232982025128988,0.17930187094289426
2023-02-17,0.16350903923040483,0.24589594808280182,0.14816757730059954,0.18039078326242897
2023-02-21,0.1641147605839588,0.24950328273992817,0.13769797024628366,0.17977065255391708
2023-02-22,0.1641982221105746,0.2493851636581616,0.1381928068787578,0.18137298029178597
2023-02-23,0.16372823262675704,0.24943844279395835,0.13753876025897227,0.17823716640272697
2023-02-24,0.1631446836249859,0.2519010690873022,0.13871301730699048,0.17449258162898096
2023-02-27,0.16310208348776745,0.25217098373166935,0.13430597175739717,0.16320630679226997
2023-02-28,0.1630607555139111,0.2518682356709228,0.12947933728298103,0.16274424489439335
2023-03-01,0.16334497223022273,0.25339915726004125,0.130379272315495,0.16563791862111668
2023-03-02,0.15799921799346003,0.25049006228742576,0.13030411104365985,0.1472190740327295
2023-03-03,0.16231157081130798,0.2536017385090201,0.12520163282853664,0.16641305111160554
2023-03-06,0.15383113469217727,0.24284413561122228,0.1255322785818241,0.1618218235142419
2023-03-07,0.15684394333242352,0.23854863050451747,0.13339206059347716,0.16305156676596338
2023-03-08,0.15690149384264068,0.23865348951470486,0.13239861870769054,0.15639507163093963
2023-03-09,0.16568848515672394,0.2444709447006336,0.13557843587523327,0.15640201380304217
2023-03-10,0.16649822233739336,0.24134510946392743,0.15006582164973883,0.1878894523458075
2023-03-13,0.16610281048154163,0.24050617291538917,0.16533557882244368,0.18792564712328172
2023-03-14,0.1708500962475345,0.242344610460657,0.16599918430566718,0.1935336346141877
2023-03-15,0.16514481514981064,0.23905321509591726,0.16729439548010155,0.20056887322621778
2023-03-16,0.17064367095704971,0.2432136203327154,0.16303485094475165,0.1995606472713733
2023-03-17,0.16878350507980605,0.2195725368901451,0.173029967661371,0.20472274227498133
2023-03-20,0.1701468398241407,0.21352552638689803,0.15440199829207887,0.20166673833129248
2023-03-21,0.17467728092338758,0.21579773494158117,0.16581270462485306,0.2020661600430944
2023-03-22,0.17563469748473035,0.21117451798690812,0.1719561731565543,0.20435647054214556
2023-03-23,0.1739412670948224,0.20731684657999405,0.17473879420212945,0.2039601048986317
2023-03-24,0.17400468935119892,0.20549653454331193,0.17666894893809276,0.20208690659554882
2023-03-27,0.17393535847006797,0.2055913809845189,0.179682983044621,0.21136105220192544
2023-03-28,0.16977871117527873,0.2013713316473665,0.1794650100513673,0.2100455647086244
2023-03-29,0.17592408124916523,0.20703265222084108,0.18060287901094252,0.21001730881178646
2023-03-30,0.17661480594040505,0.2076231432711108,0.17811144784334898,0.20841261273116118
2023-03-31,0.1772667500885307,0.20397409759331134,0.1792869209655772,0.20753109782076903
2023-04-03,0.17739044942521734,0.20263275967444472,0.17981999564204224,0.20671926528682816
2023-04-04,0.16758782890738072,0.1882053020193836,0.18464822465696862,0.19719494360942555
2023-04-05,0.16776922514200246,0.19169419401563922,0.18314396423458731,0.19762352045610254
2023-04-06,0.16748757211024792,0.19121233766509735,0.18538101824623457,0.196351370018221
2023-04-10,0.16393909957960168,0.18271558538337643,0.18548232740035747,0.19862693080495483
2023-04-11,0.1638155137290681,0.18420550220725368,0.18568981898873618,0.19861175617315696
2023-04-12,0.1639146933570722,0.1868192499209187,0.1857113968721982,0.19862827540800726
2023-04-13,0.1669795257030722,0.1907611886391821,0.18794071667606005,0.19573782574944662
2023-04-14,0.16631998610577858,0.19065195761154463,0.19754945920446984,0.1958731552469257
2023-04-17,0.16052014165510362,0.18299961891433983,0.19729885149534,0.18791246241220902
2023-04-18,0.16052051687734195,0.1830767300262618,0.19602242893535757,0.18634643928261752
2023-04-19,0.15309021547119261,0.1781618559374161,0.18788882414547484,0.18580621794151103
2023-04-20,0.15434962177395814,0.18036033814513291,0.18756832625902053,0.1871471104038965
2023-04-21,0.14280221670063709,0.170799959639212,0.19035004126427754,0.18809587716289422
2023-04-24,0.1343576081734286,0.1640058549577073,0.18179181878293907,0.16135111615654518
2023-04-25,0.14398999994112652,0.1752673387640768,0.17104430499853945,0.1668079342846209
2023-04-26,0.1379661056400595,0.16436069124979363,0.17091625379362627,0.162518732962327
2023-04-27,0.146433093139247,0.1800972918462404,0.16991141406981175,0.15519377803105916
2023-04-28,0.14030394901484486,0.1658391164144163,0.16991881466156292,0.16063590525035976
2023-05-01,0.1309240141953567,0.16495180608250704,0.14849948381400355,0.17907833801924322
2023-05-02,0.13449107368522897,0.16776545550078348,0.15860976324947132,0.19266307137197536
2023-05-03,0.131863905444267,0.16479222869290905,0.14876863914897573,0.19154315696740387
2023-05-04,0.1230205732478832,0.15965692500836345,0.14246744229545388,0.18981207768265834
2023-05-05,0.13292463810621913,0.16728580772727542,0.14649039580591577,0.19001164578883425
2023-05-08,0.13215120451343404,0.16718206198052846,0.14230811106950686,0.19346922855310908
2023-05-09,0.13321183233961836,0.1669664763806901,0.1401744450057463,0.18161171627084588
2023-05-10,0.1331538661960105,0.1678899861925639,0.13883765738422726,0.1838542952634044
2023-05-11,0.1274997715815782,0.16073084059284676,0.140572364953595,0.18631157337017784
2023-05-12,0.1267764273038206,0.1595268805385355,0.1385806471420884,0.187516749668208
2023-05-15,0.12058886779343557,0.15317627431163666,0.13757755214878462,0.18415739409712217
2023-05-16,0.12177955112500755,0.15290186005662249,0.14135114608176486,0.18400835071407368
2023-05-17,0.1255443478050793,0.15581259840432832,0.1302337841411247,0.18315797630405853
2023-05-18,0.12784858577232017,0.15987421979357494,0.13505412739301847,0.18042406504285635
2023-05-19,0.12772376825148674,0.15979430466898314,0.13738289571540613,0.18047279954487302
2023-05-22,0.12772648301037007,0.1596661314583501,0.1359426067557329,0.175719800310104
2023-05-23,0.1323763070535417,0.16353783061897934,0.13457615803201364,0.17589517786543543
2023-05-24,0.13361747719364153,0.16177725782707028,0.1353241190824996,0.17610246001108545
2023-05-25,0.1303403677401395,0.16677843655946353,0.1304142972198418,0.17523115777012593
2023-05-26,0.135245874732392,0.17950314265019374,0.12214367098367009,0.17606826163378922
2023-05-30,0.1349575899821916,0.1794282228011188,0.12338639403278148,0.17597415973819983
2023-05-31,0.1361007430268766,0.1810601579216257,0.12283211501755463,0.17763437442310476
2023-06-01,0.13865611050041587,0.18241665539251328,0.12463951704085771,0.17768251143278718
2023-06-02,0.142983335105386,0.17973417953522547,0.13078545398931307,0.17827744840418916
2023-06-05,0.1432838814810394,0.1797833528942382,0.12938619094127216,0.1777458231354262
2023-06-06,0.14330918078292224,0.17931678386149133,0.12906600636398496,0.17614422136003535
2023-06-07,0.1346661160765293,0.17729201887378532,0.13220565157550707,0.174197042985832
2023-06-08,0.13404072735876285,0.1788816829771351,0.13768451106429933,0.17645447808535653
2023-06-09,0.12284618001339366,0.16508743217573027,0.13784081963777187,0.17448785556200122
2023-06-12,0.12312604325533028,0.16939773535401564,0.13782842363956446,0.16737006250777503
2023-06-13,0.12378569381677279,0.1691047860934544,0.13880187969767485,0.1439094805303492
2023-06-14,0.1175952857851303,0.16489896248493877,0.12545496128539604,0.12495925136179756
2023-06-15,0.1180865328615692,0.16272858528485665,0.12454933171431849,0.1273643609959621
2023-06-16,0.11809487156928739,0.16420844192338285,0.12204029593046684,0.12490083188727044
2023-06-20,0.11031225777854302,0.15836316557351068,0.1176076643707624,0.12663026506084518
2023-06-21,0.11211917877366315,0.16665024815641685,0.1173491793167896,0.12015325343201318
2023-06-22,0.11068923145534568,0.16537019897520622,0.1169336021854265,0.12482567781644849
2023-06-23,0.1137939118941403,0.1692081035105653,0.11774663354033707,0.12501130637217014
2023-06-26,0.11459695551802278,0.17632097490273577,0.11644065044378288,0.12085951694883436
2023-06-27,0.11741879221599714,0.17969125668421523,0.11677565782697222,0.11874287480963418
2023-06-28,0.11740471044780777,0.1797057953173805,0.11623419154245795,0.11552791277153371
2023-06-29,0.11469095714566019,0.180325486651414,0.11171496908578606,0.12678899640288988
2023-06-30,0.11444061589570378,0.18193211867949796,0.11392983861915995,0.13128139200239786
2023-07-03,0.11227733485236192,0.1764134701714344,0.10832002233613208,0.13178210178528252
2023-07-05,0.1122857701910919,0.17593524485888262,0.10391140875629175,0.13311623156478855
2023-07-06,0.11573706821645559,0.17873041805224688,0.10399692610208741,0.13900479033154312
2023-07-07,0.10993151173962833,0.1736357127696097,0.10675855329638853,0.13961896397643148
2023-07-10,0.10643107971000448,0.1720747306323947,0.10462598934507897,0.1391072108638148
2023-07-11,0.10543704536115285,0.16033388672225823,0.10170648970062976,0.13986892930508607
2023-07-12,0.10198811376187335,0.1482758835558557,0.10859225319642457,0.14169775766867287
2023-07-13,0.10327340233418665,0.15417251519256736,0.10711657553190558,0.14202654075548593
2023-07-14,0.10099433920475014,0.1523854438507948,0.10740825046935326,0.14051055437212778
2023-07-17,0.0988196690017888,0.1514253712106675,0.10472056081942842,0.14044362744579267
2023-07-18,0.09320482331521049,0.1516207202360406,0.10095206057604524,0.13760994607024052
2023-07-19,0.0924608339639424,0.15176033301675274,0.09958336907060146,0.14131873199211795
2023-07-20,0.09589540052512636,0.16916705158225318,0.10074748019412463,0.1448633381576877
2023-07-21,0.09474950989306416,0.16012270927279196,0.0945547012269987,0.1380385277664459
2023-07-24,0.0942667812315759,0.15736068846244827,0.08725455071968516,0.13415234191743772
2023-07-25,0.09429568953953309,0.15786426246401766,0.0884759318497893,0.1341985794481515
2023-07-26,0.09194988881999999,0.15235367174629813,0.08950008845470446,0.13391849436049746
2023-07-27,0.09373630547520305,0.15164372598266876,0.09850593964475872,0.14248343645493872
2023-07-28,0.09698265209078237,0.15857985955137371,0.10118688036467217,0.1412164851136025
2023-07-31,0.09133223198715114,0.15555725086782626,0.09942481325078534,0.13816277270183366
2023-08-01,0.08880433767634113,0.15430786827268925,0.10387929124983553,0.1476877404367277
2023-08-02,0.09749990329999196,0.16815386298943957,0.10033507920447003,0.14785093481902872
2023-08-03,0.09648358090897632,0.16275805671027932,0.10024831409794918,0.15921304886516371
2023-08-04,0.09749491236588652,0.16036094841057683,0.09617287652233897,0.16745225567642424
2023-08-07,0.09679093807139501,0.1587500001736432,0.09624333868594084,0.16509484158166382
2023-08-08,0.09692189527178184,0.15543354907069928,0.09803468462263792,0.16985992389475837
2023-08-09,0.09516052299581733,0.15190472926022697,0.09810349378031984,0.17118517695171195
2023-08-10,0.09516461000277704,0.15189595416457052,0.09791173396069243,0.17515988063714424
2023-08-11,0.09474329117957629,0.15302479127252858,0.09785157608931011,0.16894483638169602
2023-08-14,0.08990846196344385,0.14986349829871298,0.09623636755165739,0.16373307600099718
2023-08-15,0.09637192814575643,0.15287018610920405,0.09640471159956443,0.16316878903555737
2023-08-16,0.0985965146744223,0.1557410836900796,0.09726742804077773,0.1626135359068693
2023-08-17,0.09845739099235631,0.1573121222234996,0.09702577063911691,0.15891020186203597
2023-08-18,0.09823588519697724,0.15713470034434748,0.09414705488700456,0.15927585213181483
2023-08-21,0.0998368635261743,0.16451602745090663,0.09456711499015064,0.16242388893376844
2023-08-22,0.09825497683402738,0.16383011101515785,0.09393368204743202,0.1635905954128017
2023-08-23,0.10091190091314539,0.16623163382173503,0.08993757083441084,0.17744073528186555
2023-08-24,0.10530787804350372,0.1687765310118334,0.08984818668273711,0.17407559418827215
2023-08-25,0.10782099122311885,0.170893497904446,0.08957003865341556,0.17445938921164889
2023-08-28,0.1090932229108347,0.16999246118027195,0.09008071590538914,0.1745359446220512
2023-08-29,0.1152980862782351,0.18090877377860343,0.08822790944238733,0.17723565609039557
2023-08-30,0.11579480707728318,0.18187550065434455,0.08868045735921659,0.1728756937887166
2023-08-31,0.11428997616235931,0.16929766209012914,0.08773535860917282,0.171268452748247
2023-09-01,0.11443334836252052,0.16907586881384157,0.08743237168717455,0.17797006597916057
2023-09-05,0.11425494628317949,0.16905556561201637,0.08963772536379633,0.1811792083614139
2023-09-06,0.11532666774097525,0.1698331031291793,0.08847392194225681,0.18176796070316523
2023-09-07,0.11550835837498842,0.1707842042254003,0.08701361431756696,0.18213651507103826
2023-09-08,0.114318419999722,0.17075983628715044,0.07496747743650906,0.17559083493560454
2023-09-11,0.11216575283252528,0.16563940476456077,0.07099537186719139,0.17509690763725322
2023-09-12,0.11277565779145843,0.16840106975785654,0.07144722337636077,0.1761069381640287
2023-09-13,0.11275417254087974,0.16888975183218732,0.06575261072645255,0.16846110134201353
2023-09-14,0.10867168113967632,0.15819072960159453,0.06463151292721174,0.16707099757198454
2023-09-15,0.11744710895316743,0.16601758260704305,0.06778682491564914,0.1545249002056445
2023-09-18,0.11681367386115844,0.16547928648304933,0.06920511460936206,0.14581506714150524
2023-09-19,0.11378572816323484,0.1635672860749677,0.06895550344559898,0.14469219788384544
2023-09-20,0.11602729820693748,0.16696367461515116,0.06638687617970469,0.1403164069898602
2023-09-21,0.12367029497947664,0.17219056885270154,0.06834706087445479,0.15572810077882152
2023-09-22,0.12364094195078759,0.17202767688954848,0.06885413892648996,0.1524644805215521
2023-09-25,0.12460626744899411,0.17198521799848415,0.07058069446815074,0.16661473487622144
2023-09-26,0.12911932805913537,0.17318442554899569,0.07383440417569534,0.16665704703425133
2023-09-27,0.12569846149700625,0.1712735893184872,0.08166294367295311,0.16649274502067493
2023-09-28,0.12594490800350006,0.17085671255955773,0.08125257807097153,0.16628049968985978
2023-09-29,0.12439947693422679,0.1679106862148363,0.08608610650678362,0.16620787043408095
2023-10-02,0.12435609210945636,0.169571910001739,0.09055832136134359,0.17348229211825458
2023-10-03,0.12768789906255873,0.17043813493221258,0.08996260266671686,0.17945306288951904
2023-10-04,0.13002076507525773,0.17543711852950938,0.08960946167054439,0.1836167240567132
2023-10-05,0.12485309657380969,0.16882513199263635,0.08272044175099101,0.16442415815424188
2023-10-06,0.12480146659764477,0.16475982947328321,0.08500639306330514,0.16609387449649798
2023-10-09,0.12447312205347624,0.16390484137742936,0.10279247786360055,0.18292400755389915
2023-10-10,0.12396834882159366,0.1632409814342473,0.10218881957189671,0.1825886723488696
2023-10-11,0.11644811070258904,0.15145329460831333,0.10015183514753584,0.19164233085859353
2023-10-12,0.11635535580552629,0.15068542774248903,0.09969561118236626,0.204121775594624
2023-10-13,0.1168489065865842,0.15419221298542377,0.1390521091238571,0.2122911744226253
2023-10-16,0.12154831638040871,0.1583259187098625,0.1396905692125147,0.21087795142760893
2023-10-17,0.1211975481157262,0.1583869829717916,0.13783558378348984,0.2097029020713832
2023-10-18,0.12536142751359033,0.16074769692303587,0.1433342502002277,0.2096957396840443
2023-10-19,0.1271890094785221,0.16160854976097092,0.14727478679044878,0.21454352533597323
2023-10-20,0.13070611653684447,0.1663107161388994,0.14734770141398051,0.21520678493821674
2023-10-23,0.12825366114250453,0.16207055932287046,0.1478810565840488,0.2199419818935889
2023-10-24,0.13080871573261815,0.16302674831180547,0.14680938016220993,0.2236568986271646
2023-10-25,0.13552184041679144,0.17561154225343162,0.1467280777378467,0.23013511924846586
2023-10-26,0.13437516752694004,0.17941994448886067,0.14671266214999232,0.23653363336130162
2023-10-27,0.12906459657359157,0.17568281952290515,0.14899560171999787,0.236396530723858
2023-10-30,0.135487359315649,0.17998719136875937,0.14977096370875675,0.2349334878692539
2023-10-31,0.13766804513310812,0.18103021749622036,0.1508694969184057,0.23468257076669308
2023-11-01,0.14047841060324104,0.18500748511281695,0.15133433615004607,0.2422457841799538
2023-11-02,0.14465850124733634,0.18490585787165922,0.14953487998718823,0.2433344009707678
2023-11-03,0.14686618497582699,0.18770479068569856,0.14959214519078576,0.24293979973474475
2023-11-06,0.14653741232327785,0.1875974604636663,0.15075440998679068,0.23419540545995632
2023-11-07,0.13959020044123838,0.18284968797637333,0.14914546820146676,0.23830940055783897
2023-11-08,0.13958332550563954,0.18286906798788755,0.14739892465722,0.24292532551030915
2023-11-09,0.14099541492273918,0.1837087486673037,0.1463618577184934,0.2521483561906565
2023-11-10,0.14734145455224945,0.19379647361930227,0.14681977305805693,0.25273186842191264
2023-11-13,0.14739768379986948,0.19332835525363368,0.14266637657628062,0.24586592420029418
2023-11-14,0.15013412616362456,0.19301925777091147,0.14317579309988013,0.2449232840609208
2023-11-15,0.14933662162197492,0.19035036496878566,0.14376092355937553,0.24632825638814207
2023-11-16,0.14919167021794008,0.18974262223114635,0.14540820145489725,0.24782963769632724
2023-11-17,0.14623447867765368,0.18494834147694225,0.14548561762705822,0.24453510416581925
2023-11-20,0.14664775970127036,0.18711508230317694,0.13808867666872593,0.2364049551569975
2023-11-21,0.1466736546610826,0.18824227312374103,0.13991265726548777,0.236319534285255
2023-11-22,0.14663830807412517,0.18770160035505418,0.1404260613063345,0.22924133353279666
2023-11-24,0.14492061306547285,0.1873000195888284,0.13986058769214088,0.21685972651048863
2023-11-27,0.1439432462058926,0.18251526922528835,0.10868117038143899,0.21610527513708164
2023-11-28,0.14153876693892747,0.18046486762030012,0.11220104692664978,0.20959422858356536
2023-11-29,0.14161208304741324,0.18001531416632,0.11221280890032453,0.20793854525741362
2023-11-30,0.13464819146740373,0.17484397225309678,0.10719869949033735,0.20942722480294296
2023-12-01,0.13110340687569622,0.17130438837220283,0.11243630066813204,0.2005665631378337
2023-12-04,0.12568097604966078,0.16698554437424487,0.13094415709243293,0.20179911413792706
2023-12-05,0.12528504565783238,0.16698925572011836,0.1310608269097259,0.20701298151078204
2023-12-06,0.12595310413074007,0.16752587166655644,0.13129703814097546,0.20706801284895698
2023-12-07,0.11629509118997594,0.1501250052844137,0.13094784382064414,0.19400864827561862
2023-12-08,0.10713223109975377,0.1337680642060353,0.13719411154179814,0.1945820683184179
2023-12-11,0.104269896873735,0.1342929512732051,0.13670329832915687,0.19391896828579183
2023-12-12,0.1015042585824559,0.1331991661010123,0.13580895236051202,0.19234068130081597
2023-12-13,0.10541719017688582,0.13533430694167672,0.1500203283357818,0.19835090368160524
2023-12-14,0.1034916906453312,0.13078277339861202,0.15029546739048574,0.2013813672681028
2023-12-15,0.0960283522290622,0.1238756109565707,0.15293828246072894,0.19455804151177689
2023-12-18,0.09457625301240592,0.12151403455305959,0.15311921872396012,0.19767657518449683
2023-12-19,0.09504888957367107,0.12159894921399489,0.1520166680103082,0.19342597376406234
2023-12-20,0.10672644064358068,0.13122061543489585,0.15245129828329296,0.19109755962356959
2023-12-21,0.10858282687401404,0.13360685697106167,0.1497384234677559,0.18941944400039062
2023-12-22,0.10402681245384846,0.12980590016350987,0.14980644988221686,0.1740002615644449
2023-12-26,0.09698866300077953,0.11683230120778383,0.1459160331934853,0.1739642497246127
2023-12-27,0.09644520872984767,0.11556656116696008,0.1457415619047943,0.17740167436048257
2023-12-28,0.08251156408303874,0.10154576111560486,0.14609681575080852,0.17201153160910673
2023-12-29,0.08373518010388593,0.1032269639302524,0.14585313288856178,0.1681186578882403
2024-01-02,0.08647568956487102,0.11692957014311012,0.14343858017195218,0.1682274612248131
2024-01-03,0.09102743939262842,0.12198653727364576,0.1460946012855356,0.16819298785106412
2024-01-04,0.08987528688454646,0.11857135526560147,0.14587850559269547,0.1760593472324126
2024-01-05,0.08938602693214166,0.1170623286568829,0.1429659666087453,0.17930259800662415
2024-01-08,0.09697980603412376,0.13030803467386048,0.1444126983711401,0.18067285517246892
2024-01-09,0.09733049281283104,0.13006946214841866,0.14376223033044397,0.17766445294122907
2024-01-10,0.09763004195659863,0.13079825486146737,0.14271893196121938,0.17356764177665132
2024-01-11,0.09779573759816766,0.13077277772276483,0.13731005117044473,0.1739214203249184
2024-01-12,0.09759931350635873,0.13058618808099182,0.14028125743570063,0.17126278677225285
2024-01-16,0.0985027277287357,0.13009844424749706,0.14250691074487734,0.17608778764453495
2024-01-17,0.09948600282012451,0.13179730928698447,0.13595893163025635,0.17085026595763828
2024-01-18,0.10025189684013724,0.1327000164597602,0.12370337832580232,0.17278655334479642
2024-01-19,0.1050631522210853,0.14214167911484593,0.12348906223190141,0.16120461408493444
2024-01-22,0.10357009351781782,0.13987152001701975,0.12353577582244755,0.15722794240688034
2024-01-23,0.10226056518473191,0.1360671093234352,0.1239807753045767,0.15800133894359675
2024-01-24,0.10203014938598938,0.13622310122421022,0.12003658959280802,0.1571540906909474
2024-01-25,0.10240427496752917,0.13518258337317898,0.11566359122170725,0.15831699113143194
2024-01-26,0.10245569845490521,0.13634518063460577,0.11567803506279635,0.1581307880099771
2024-01-29,0.09771662092585447,0.13484616303071606,0.09746132016940569,0.1458809761345497
2024-01-30,0.09777855663960895,0.13694112346066598,0.09603063041425199,0.1315411194579473
2024-01-31,0.108658450387039,0.14991569059281004,0.09207060493177935,0.13518620678586252
2024-02-01,0.11348151993421267,0.15288885086597154,0.09591486104764323,0.14218815419519484
2024-02-02,0.11584351755992832,0.15917479962567568,0.09812584020191586,0.1548720564229151
2024-02-05,0.1076709837559884,0.15164333878046318,0.0981583885711833,0.16275473091824294
2024-02-06,0.10520422706556586,0.14931081012021236,0.09713101322141583,0.16554322438976082
2024-02-07,0.10705957461560527,0.1514050593200469,0.09615912090494375,0.1655952901430441
2024-02-08,0.10684638830115052,0.15087999768573232,0.09319034264684607,0.16561872392527538
2024-02-09,0.10753935625101467,0.1526742280972851,0.0923637298809896,0.15518446636701227
2024-02-12,0.10765309581099358,0.15349052931170806,0.09133059168623137,0.15473526476744262
2024-02-13,0.11596613282419335,0.16079099438073585,0.0988392452766682,0.15966384952599647
2024-02-14,0.11616760959636224,0.15302468050938597,0.09878585294958124,0.16066916490278027
2024-02-15,0.11309337038488532,0.147919327693705,0.09884254848588665,0.16102159544087064
2024-02-16,0.11395241892202988,0.15020199872771292,0.09951500916410067,0.1564815452121951
2024-02-20,0.11613552565324425,0.15312887893557042,0.10131529775791222,0.1547294623743253
2024-02-21,0.11018878715542417,0.14415541681547062,0.09878651493007844,0.1520068358680101
2024-02-22,0.12285000742934565,0.16483955642353756,0.09879049815303431,0.15252112375788543
2024-02-23,0.12251972953153274,0.16511169803307293,0.0998991139612942,0.15799864485272713
2024-02-26,0.12346409862227564,0.16531264357046066,0.0999993122314275,0.15694636924806052
2024-02-27,0.12339950820541445,0.1652359071104717,0.09569039932767348,0.15789511089867997
2024-02-28,0.12263309479976918,0.16657352870002767,0.09176933167159891,0.1514100227265651
2024-02-29,0.12047699373658403,0.16593461395352718,0.0865791642493408,0.15289499678774737
2024-03-01,0.12071499945181369,0.16647814726275548,0.0993195418236895,0.1506373436041729
2024-03-04,0.11731419577537207,0.1590690568460667,0.10855245424412184,0.15087713957935472
2024-03-05,0.12237899864227368,0.1690746665755841,0.10818402702882432,0.15553894946099303
2024-03-06,0.12273412923638283,0.169514236220199,0.10964142609916741,0.15431832461762562
2024-03-07,0.12500437937683506,0.17388241940605767,0.10580850745124754,0.15313380996015455
2024-03-08,0.12665126423462356,0.17996208384979703,0.10718921172044464,0.15238930349397495
2024-03-11,0.12657563831839944,0.1793202125225837,0.10678176914551993,0.15223753257978734
2024-03-12,0.12806040563521554,0.1815104887664456,0.11281639780321395,0.1508751022515934
2024-03-13,0.1282153579307588,0.18192422796222604,0.11372500080716265,0.14902865158888334
2024-03-14,0.1169519311931528,0.1713864199112242,0.11492119250375837,0.15184373377766208
2024-03-15,0.11731976707984154,0.173112229787822,0.11309617302665154,0.14245146484177398
2024-03-18,0.11495042536300115,0.16792648365644053,0.10812372135238563,0.12893968450332555
2024-03-19,0.11463942373845133,0.16789190971824497,0.10621696733794087,0.11604135726474912
2024-03-20,0.11674270181321547,0.17064013808803055,0.10962399212018688,0.1119631992736712
2024-03-21,0.11518159377156721,0.1688449161656929,0.10980722712827669,0.111572870375114
2024-03-22,0.11558467511412704,0.1688303208240741,0.1135023042941016,0.11408985825360955
2024-03-25,0.11550310021719913,0.16726575025464918,0.11211464054708505,0.11487374645347274
2024-03-26,0.11575267098275761,0.16711762809200092,0.11115392563856717,0.1151222810299175
2024-03-27,0.10845318462724056,0.15997798951545086,0.10054677081682731,0.10660356642887071
2024-03-28,0.1064484213008075,0.15757458532932925,0.1036554135089235,0.10594296436431376
2024-04-01,0.10566835926350307,0.15749416639775085,0.10503005242048438,0.12348953785714016
2024-04-02,0.10645646996718265,0.1572599862231268,0.10974581860459913,0.12338387267223398
2024-04-03,0.10449701128495215,0.15526213135669756,0.11043331680605036,0.1233404493833345
2024-04-04,0.11180802233685788,0.1618439660475901,0.11357289585179402,0.12340091579096013
2024-04-05,0.09943814903115325,0.14180351697687185,0.1191045875576925,0.1291135272095253
2024-04-08,0.09943931996974652,0.1414855912221822,0.11916013222341966,0.12232178097580364
2024-04-09,0.09856865277599748,0.14179342697423108,0.11738773422559161,0.12561269402863118
2024-04-10,0.10343579186810209,0.14412530151131805,0.12345638927640656,0.1389007860651777
2024-04-11,0.10526342638941563,0.15024551127379446,0.13035920484424254,0.13750866036407638
2024-04-12,0.11302025688661564,0.15593030547442152,0.14088439721811932,0.13668999846574456
2024-04-15,0.11537244494726098,0.15621643782558436,0.14071602212809278,0.14194625416527057
2024-04-16,0.11542397866325016,0.15606575195026326,0.13661894264974248,0.14247318743296639
2024-04-17,0.11310722054414156,0.1514414100195276,0.1404217677488431,0.13960738874843903
2024-04-18,0.11198638327835554,0.15059006545713538,0.13974742682607183,0.1377095155559991
2024-04-19,0.1097029210515471,0.15267153052497365,0.13959187176897053,0.13879408657766978
2024-04-22,0.11281938336775169,0.15231341167452755,0.1606237236197733,0.13879782938522187
2024-04-23,0.11860859760857319,0.1593982434945958,0.16120816926203288,0.1389205972691333
2024-04-24,0.11384671555619448,0.15334709253312445,0.15689754419962162,0.13848756142215723
2024-04-25,0.11417489043627618,0.15252958363833463,0.15666246124078542,0.13897266502336453
2024-04-26,0.1179037033339009,0.15984974639572286,0.1554252665650887,0.13503896793011186
2024-04-29,0.11486700757981229,0.15669365327835313,0.15508121601909616,0.13813644541805128
2024-04-30,0.12225363515820893,0.16378464366644574,0.16838919276541015,0.13961402125294578
2024-05-01,0.12100345617017633,0.16443462962112754,0.1693418152282698,0.1399339632228743
2024-05-02,0.12108029969545295,0.16508324039680597,0.16752428530865382,0.1409246519814072
2024-05-03,0.12661310605905643,0.17558598845512474,0.16749008102706056,0.14451978498147233
2024-05-06,0.13048362645749534,0.17876690576131332,0.16663963461741768,0.14178039327775996
2024-05-07,0.13032163206622438,0.17850915568039347,0.1678597176563514,0.14292945305275026
2024-05-08,0.13022165807725838,0.17829188627725712,0.16847567666217214,0.14321440316182013
2024-05-09,0.12894633151274637,0.17811279586114329,0.17256267548017035,0.14051679089918923
2024-05-10,0.1290144583477662,0.17819747008412096,0.17054324467651785,0.14102784821102046
2024-05-13,0.12892309451609993,0.1782187616312044,0.17296870490534183,0.12761833272315093
2024-05-14,0.12816874467848682,0.17728311687118917,0.16966000428267583,0.12811217238879752
2024-05-15,0.1328539543231609,0.18264233538217328,0.17164011813050076,0.1344287330524503
2024-05-16,0.12743715428384814,0.17638379880119573,0.17106534826922845,0.13274844731334498
2024-05-17,0.12428914482670365,0.17361621702603747,0.17058105746237429,0.12784457522191828
2024-05-20,0.12429390303539908,0.1744899364077241,0.17015246278569474,0.12813737282564827
2024-05-21,0.12438738006963823,0.17433947063746025,0.16984906001017064,0.1260514180669117
2024-05-22,0.12066415141082529,0.1719109380407064,0.17647376879191978,0.10817444434461747
2024-05-23,0.12137108167482469,0.16695086195874972,0.17714723025529888,0.10908476204599378
2024-05-24,0.11464947720569388,0.1611190227755412,0.1730497337326664,0.10838221971415625
2024-05-28,0.10702498119622879,0.1519224843541781,0.16682069976651737,0.10693152022580565
2024-05-29,0.10951268997915599,0.15417201994625915,0.16872889403763738,0.11117247404648822
2024-05-30,0.10995176679669523,0.15304123066597208,0.16768834400681798,0.11003203837001929
2024-05-31,0.11159610336067942,0.15175869186833213,0.16800656492769422,0.11044787064170657
2024-06-03,0.10708350403800744,0.13564935946485865,0.16998358405863265,0.11561780246671566
2024-06-04,0.10499739060981267,0.1339881528991383,0.15608866066826735,0.11941908703345176
2024-06-05,0.10501266452643669,0.1388911715873667,0.15959663845404107,0.12060805265829977
2024-06-06,0.10493200407745494,0.1392048992886163,0.16066808557410386,0.11817709191728008
2024-06-07,0.10397598168812294,0.13778732607186933,0.19140519962107683,0.1295345671871504
2024-06-10,0.10159913162782355,0.13267019654949605,0.19320178054919368,0.13106824846998472
2024-06-11,0.1014806064865418,0.13319397330293492,0.19336358232714507,0.1321416862710192
2024-06-12,0.08838236048352671,0.11989511098044589,0.18423948355104625,0.13015633569764343
2024-06-13,0.08669032500970957,0.1153814135496361,0.18405126891720772,0.13546133874650462
2024-06-14,0.08454621681375292,0.11251184294005351,0.1876015836283239,0.13659484632627283
2024-06-17,0.08089642791829033,0.10471170483870954,0.18829103649811546,0.13873360985678948
2024-06-18,0.0772233975182639,0.10276153448772206,0.1861619107131585,0.14037615167233836
2024-06-20,0.0783986374809877,0.10725995979560447,0.188970554084807,0.1417087389342004
2024-06-21,0.08045082424710279,0.10803635656060329,0.19448111111739377,0.14008891854965347
2024-06-24,0.08076552534095296,0.11744862106312783,0.18923134114113233,0.13992986852356643
2024-06-25,0.08106756982018387,0.12031188181752603,0.1880706771198337,0.13834580503530614
2024-06-26,0.08096697089644683,0.12032137418909404,0.1871859181787262,0.14576789291346376
2024-06-27,0.08045444466294387,0.11980683772688928,0.18856292681914788,0.1453907231962858
2024-06-28,0.07489668498460345,0.11523405961923075,0.1843534464474381,0.150960124937545
2024-07-01,0.07442926762295715,0.11516427242846941,0.18437811416383662,0.16203296972081643
2024-07-02,0.07623060650683558,0.1173467445595401,0.17712597420944803,0.16281020731984605
2024-07-03,0.07680620621997253,0.11786091884371348,0.18019193421215882,0.16709507502993728
2024-07-05,0.07782038316434402,0.1200102955239904,0.18495129871670943,0.16812488350684274
2024-07-08,0.07674473836758179,0.11967183726473309,0.1806764563652292,0.1681873416571043
2024-07-09,0.07202618871382956,0.11776725171460853,0.1707711056753916,0.16757248993617588
2024-07-10,0.07449538009314759,0.11825305054578866,0.17101511031118827,0.16759581621263028
2024-07-11,0.08052322248839631,0.1387725845872754,0.17586944993255862,0.1635288145709553
2024-07-12,0.07726844807940232,0.13623934572876448,0.17330664333943666,0.1586717814037929
2024-07-15,0.07270934060290317,0.13014838957405034,0.17340175542438097,0.16145365654533286
2024-07-16,0.07072049609868371,0.1295549474508356,0.18029932716929897,0.16502699954250102
2024-07-17,0.08505045179568202,0.1601099211783781,0.18007318026458677,0.16151725316786847
2024-07-18,0.08938616604139105,0.16130858850735352,0.17890593344096264,0.16009642875664554
2024-07-19,0.08679553718554603,0.1544617594820303,0.18488432137973054,0.15965714116063548
2024-07-22,0.09091428101403784,0.15964364327749755,0.18377950632631948,0.1598158031727701
2024-07-23,0.09100282476885517,0.16015249263851838,0.1486079666964587,0.15031668227243528
2024-07-24,0.11410154076164315,0.19268349425356832,0.1476317495943699,0.15247561375398835
2024-07-25,0.11505148937911372,0.19409206252279565,0.15547471261341414,0.15136662290186148
2024-07-26,0.11718388355221172,0.19251404626036647,0.1579958282209666,0.15149033843178794
2024-07-29,0.11706659887581312,0.19182069716858513,0.15581301034554268,0.14605570607332846
2024-07-30,0.11803252106018249,0.19447792525509544,0.15408777817961222,0.1443329430740242
2024-07-31,0.12514093947954374,0.21091030234149122,0.1605140261095745,0.14441038033778486
2024-08-01,0.13168167222133742,0.22142036151929978,0.16109756710183828,0.14278904415185753
2024-08-02,0.1418860649399372,0.22990467766122386,0.1580240185219918,0.16683798121222126
2024-08-05,0.16368313331986833,0.24341047253578618,0.15565447931162557,0.1671145905977513
2024-08-06,0.166588143254943,0.24426983083280301,0.1576731666111931,0.1808996603800996
2024-08-07,0.1665915767966578,0.24182644448844326,0.15679391932199135,0.1823104910884618
2024-08-08,0.1812382441084577,0.26056586535413173,0.159327145386695,0.1780297230781652
2024-08-09,0.18175406759226165,0.26109771060212356,0.1567642606925249,0.1797434004196739
2024-08-12,0.18153711624388652,0.2612095405624617,0.1630966203280734,0.16992643397988166
2024-08-13,0.1880495330879541,0.2716394107771017,0.16341879681697602,0.15694326906282338
2024-08-14,0.1871991605360597,0.2694156155919262,0.16594181474441821,0.15657572557347582
2024-08-15,0.19347521976504153,0.2791112193289486,0.16350386825435204,0.15627103086344116
2024-08-16,0.19285786035874963,0.27711022354905007,0.17108616911405305,0.15519133444035485
2024-08-19,0.19480493957604209,0.28008973111323854,0.16615758817038556,0.155409737231144
2024-08-20,0.19487626957876084,0.2800551860632233,0.16622010462722234,0.15521947285993654
2024-08-21,0.19298698882596604,0.27849827363367985,0.16644540752081205,0.15526746688501353
2024-08-22,0.19269822729236924,0.2751111825997994,0.1642115022153406,0.15739505342646645
2024-08-23,0.1943150621709208,0.2765688714464688,0.16696438906468672,0.15787804218896298
2024-08-26,0.1942992414045071,0.27751666502470934,0.16696075305601044,0.15349940669704393
2024-08-27,0.19354391708983956,0.2777547672174281,0.15751189139606153,0.14935334229412733
2024-08-28,0.1898468414531546,0.26656690094476876,0.15837474754486913,0.14950750505912944
2024-08-29,0.18839013323360448,0.2662939277121942,0.15742117155904062,0.14775732103864428
2024-08-30,0.18896651179239143,0.2674205381005083,0.14895626936064604,0.1504462845984297
2024-09-03,0.19671800514550564,0.2777888552974651,0.14986745734399623,0.15364825553812886
2024-09-04,0.19675432689177444,0.27773734018001406,0.1497299436667738,0.15658869769722084
2024-09-05,0.18497579702616265,0.257650191646919,0.15042752998965195,0.1518009982145843
2024-09-06,0.19109982531109537,0.267355434736456,0.14397863641877273,0.1511693708147304
2024-09-09,0.19109808294101746,0.2683758441489185,0.14182061898251286,0.15045919437609093
2024-09-10,0.19147777905560884,0.2697737749238701,0.14173001013201236,0.1508054447575071
2024-09-11,0.19288071537795354,0.27389835158990944,0.13991596732486195,0.15104992052167274
2024-09-12,0.18872840628213935,0.26164489411621195,0.1393619224992335,0.1504810644792488
2024-09-13,0.18388409456664162,0.2513053810524608,0.14067491203988167,0.15015925308639363
2024-09-16,0.17401083512509793,0.24063304402068894,0.14034636323382305,0.12401813479735466
2024-09-17,0.14728261179579663,0.22118144001754034,0.1352965116971562,0.12448020568524017
2024-09-18,0.1469489984508956,0.22120946982128398,0.13510897874979919,0.1110432563037874
2024-09-19,0.15019114171047754,0.22707933589298204,0.14018601268553688,0.109195803920458
2024-09-20,0.1395113342361906,0.21263233029304612,0.13804615163578732,0.1080440778694125
2024-09-23,0.13937271247991653,0.21251100907036696,0.13806031844667976,0.10528744503957092
2024-09-24,0.13928474636240795,0.21262270000140848,0.13544040490449866,0.10499088101909926
2024-09-25,0.13322456988129247,0.20184771101990143,0.1354019446513646,0.10643516335106723
2024-09-26,0.13332129933276396,0.20249202895775156,0.1317136633994161,0.10509342293246168
2024-09-27,0.12530940863161738,0.19104053767703114,0.13544614986873052,0.10317211672610241
2024-09-30,0.12555076261855486,0.19110858259801453,0.12510330146187762,0.10387796828200554
2024-10-01,0.12627978919159055,0.1922382285169588,0.12730767414580035,0.10365937076021323
2024-10-02,0.1261106408070537,0.19216321736859635,0.12730641547193183,0.10390727498739068
2024-10-03,0.12601612845176585,0.19170741767285898,0.12717946923451579,0.10714191070965709
2024-10-04,0.12587727633825385,0.1886017394630278,0.12085375483629401,0.10912998635209786
2024-10-07,0.12574184852238976,0.18910435253552482,0.11857172549475338,0.10859451180627859
2024-10-08,0.12815284530933124,0.19134236066063182,0.12136010491897024,0.10883370047066758
2024-10-09,0.12938858539876932,0.1922955387181808,0.12287515015958426,0.10964442852379783
2024-10-10,0.12807738105663302,0.18875103277213096,0.1216625559067984,0.10992794295148996
2024-10-11,0.1288198565735459,0.1885363403684557,0.12424270851634722,0.11007105800981395
2024-10-14,0.12811599419516495,0.1871369194136068,0.12181812261519985,0.10655855002432707
2024-10-15,0.11373952650119284,0.16742044233135556,0.12041113982852866,0.1055581076787566
2024-10-16,0.11343885658365127,0.166943567526346,0.1205735473852871,0.09841926501569194
2024-10-17,0.11284198267743363,0.1669606560449294,0.1197541667425744,0.10482602344111935
2024-10-18,0.09784755392769631,0.14294638823522074,0.11846590686910234,0.1049856229159309
2024-10-21,0.09513431992845015,0.14006473042301562,0.11872770593408268,0.11243052150442946
2024-10-22,0.09523362647914828,0.13885400898234657,0.1209256324644045,0.10924037149386376
2024-10-23,0.09728120118704958,0.13612270916035676,0.1279382719318511,0.10906575015103934
2024-10-24,0.09502341742174301,0.1352941680947204,0.12091168718945255,0.11221000108128953
2024-10-25,0.09434206483355624,0.13569829093501987,0.11870620508394664,0.11140881744945215
2024-10-28,0.09452697308086154,0.13463457046827965,0.11868782823197495,0.1054513913386183
2024-10-29,0.09451884567763652,0.1365870637064818,0.1191569279870855,0.10621938784611819
2024-10-30,0.09454124548755082,0.1381702508839609,0.1153492934176321,0.10372515097770328
2024-10-31,0.1003071007815443,0.14098092300898005,0.12097620952816632,0.1043782270186841
2024-11-01,0.1000628151757131,0.1424188606559327,0.11777773937591847,0.11311743450220253
2024-11-04,0.10003555534704461,0.14270964599354266,0.11776706243170602,0.12497153838471282
2024-11-05,0.10572325807184238,0.14671804047670237,0.11163113549571337,0.12675049133485655
2024-11-06,0.12703528740855075,0.16582896206680453,0.14398046557007943,0.14562433025750643
2024-11-07,0.1282020163196306,0.1701333302479137,0.15069682995083464,0.15153566336220547
2024-11-08,0.12819466124642448,0.16876639674017666,0.15017302486386522,0.15625718733877692
2024-11-11,0.12799260495241882,0.1688956444667238,0.1638060967979065,0.15627200364371285
2024-11-12,0.12494309158276198,0.1626397310756625,0.16245827583697797,0.1595255627714345
2024-11-13,0.12493778777877046,0.16293764472089733,0.16467414763393995,0.1598845041368573
2024-11-14,0.12675025583991453,0.16485504639653759,0.16473117873034418,0.16044179044161674
2024-11-15,0.13116694001163634,0.1779793014411446,0.16472209231839657,0.15759440385488718
2024-11-18,0.1281214657639927,0.17549244770245895,0.1745411093802848,0.1570185448766854
2024-11-19,0.12595960628564487,0.17155354830235,0.17525983930325023,0.15794819999461165
2024-11-20,0.12471276866137733,0.17036075429388503,0.17511048435442267,0.15753829227294683
2024-11-21,0.1251571788519848,0.17046342442138268,0.17546991532704015,0.15736657044582886
2024-11-22,0.12444072806482595,0.17046488014616745,0.17657254030931646,0.15723568525541062
2024-11-25,0.12278158963802811,0.1689955569890977,0.19693964370057804,0.17567419478048282
2024-11-26,0.1206811699385099,0.1641379514941937,0.19673646987727464,0.17189073458824763
2024-11-27,0.12090736239591975,0.16625163193443657,0.19624629690140663,0.17276301936416566
2024-11-29,0.12182207407333126,0.16776282034870368,0.19714135773713662,0.1695211478434878
2024-12-02,0.12157448397188579,0.16940727327532001,0.19577925400465654,0.16954382325600106
2024-12-03,0.12131506573236966,0.1694685659383412,0.1959608460597153,0.16342772427398797
2024-12-04,0.1220656750857912,0.1723739775494879,0.19320927309952945,0.16618267275904922
2024-12-05,0.11832386106077875,0.16519960480117504,0.1913934705870432,0.16591089394646938
2024-12-06,0.1183161786345417,0.16547586668065234,0.1896687820329666,0.1650848987710685
2024-12-09,0.11982395360590715,0.1675814224086935,0.19221355656109632,0.16660054528209167
2024-12-10,0.12044212636122714,0.16820801542685196,0.1965410449233504,0.1670388302731927
2024-12-11,0.12189154497632985,0.17323494793006614,0.1958905649488198,0.16945700459969448
2024-12-12,0.12272634677895619,0.17273535228324868,0.19912303382404764,0.17288095852205296
2024-12-13,0.10555559158042745,0.1527730367536571,0.19724600979020798,0.1750739227481133
2024-12-16,0.10556453873388608,0.15579519428194513,0.1973053720306183,0.16807640451868672
2024-12-17,0.1063950238155533,0.15637497159543925,0.1973463796660975,0.1616635910471825
2024-12-18,0.13675730304667946,0.1909491580115557,0.20383911666186316,0.16694099801303655
2024-12-19,0.11577194994472857,0.1756512509007205,0.18510513012437152,0.15351697415977336
2024-12-20,0.11632897784131409,0.1715327506090312,0.1813261845522129,0.14956929290561766
2024-12-23,0.11698995299650686,0.17298367212143262,0.180850194606709,0.14543747156382003
2024-12-24,0.12145884024163066,0.17694058337140034,0.1678109454041231,0.1461619076285055
2024-12-26,0.1210626348495744,0.17680980893297965,0.16688900071097126,0.14046091625716198
2024-12-27,0.12503833328182484,0.18159443122972602,0.1653775746005926,0.13983501158410058
2024-12-30,0.12803042557730593,0.18483135572319687,0.1654833074653224,0.1409273006851159
2024-12-31,0.12287342990228006,0.17219485033279064,0.16612908165588716,0.14143428866903715
2025-01-02,0.12246420319926822,0.17146697969406963,0.16164437063277287,0.14162768817470334
2025-01-03,0.12744960314360126,0.17655126756304806,0.16147783366236426,0.14058019929981244
2025-01-06,0.12849326602996888,0.17903474810681533,0.16065156447181791,0.14078210291126325
2025-01-07,0.1318271331314087,0.18738949566171925,0.15959757569594563,0.1437140517148133
2025-01-08,0.1315505750223033,0.18737765899859088,0.15564366016584139,0.14382545042173261
2025-01-10,0.13795387128779438,0.19324906764244126,0.13178751221090768,0.11844543705390727
2025-01-13,0.13693863899667302,0.19282049440693785,0.13536136947188035,0.11857885599332812
2025-01-14,0.1369803017853825,0.1914576106539378,0.13599520097420065,0.11516398632028622
2025-01-15,0.14645753188764254,0.20127588013729505,0.13544563029228163,0.123482698068806
2025-01-16,0.14634728107932063,0.19995131075726985,0.13376510240878814,0.12457657820463974
2025-01-17,0.1495640145288598,0.20575466082738503,0.13496110525145263,0.12375047099121186
2025-01-21,0.15091609419779062,0.20331756452466623,0.14145490214765627,0.12222246817740731
2025-01-22,0.15178255755782086,0.2063341002899649,0.13950736155891114,0.12185270632368932
2025-01-23,0.15251199844013827,0.20490511821509705,0.13973875013344864,0.12221297311175962
2025-01-24,0.15197442973468947,0.20424960096654807,0.1382113041085297,0.12236781505457515
2025-01-27,0.15734968015285264,0.22143324842525,0.1376686118812959,0.12873442035111898
2025-01-28,0.15774369013120243,0.2193760778542525,0.13719771341097886,0.12666223193535536
2025-01-29,0.1575696462237249,0.21868241635675517,0.13014438765859423,0.12256599494056862
2025-01-30,0.15836044677705785,0.2178338456354878,0.13036254952628645,0.12021769426601818
2025-01-31,0.15860250251103503,0.2132837153876528,0.13035253807281777,0.1208915282693007
2025-02-03,0.15933792561409377,0.21404980951928415,0.12958576718573772,0.12156576418073986
2025-02-04,0.13369089583143956,0.1897501927298387,0.11448512000598243,0.11285383787183527
2025-02-05,0.13394482313797126,0.18946619275289583,0.11470865524232715,0.11384018774477762
2025-02-06,0.1322391563325407,0.18847222994081195,0.11388251841145039,0.11293620316082273
2025-02-07,0.13441892057903335,0.19100419301555224,0.1116743108126555,0.11115358342297404
2025-02-10,0.131978560385352,0.1901562949557609,0.11861815409001376,0.11113569350906868
2025-02-11,0.13198643516970793,0.1902749401536373,0.12000828995549458,0.11287378648361306
2025-02-12,0.1284529947479633,0.1860751082542467,0.11636708526185134,0.11735423517427074
2025-02-13,0.12652206302138982,0.18562303495190455,0.11601946010643205,0.12481634545553925
2025-02-14,0.12574769929764096,0.1834032792025604,0.12786703906125446,0.1243955840962284
2025-02-18,0.12530019210921947,0.1830644876053945,0.1302330269921237,0.12936011911211362
2025-02-19,0.1209524324501297,0.1778964772016591,0.12618137734703977,0.12897676964246796
2025-02-20,0.12111214444527973,0.1759601625345539,0.1257019230760808,0.12848828544923263
2025-02-21,0.12718796768426213,0.17882678857643694,0.12623558491366155,0.12747216095232375
2025-02-24,0.1280517078133475,0.182499802147821,0.1262508283033381,0.1275417815816246
2025-02-25,0.1203025639874262,0.18035179494098963,0.1336520200449167,0.13299604074472768
2025-02-26,0.12028468986858976,0.18009230930686154,0.1282633569860875,0.13315543425170806
2025-02-27,0.1296608967359449,0.1980460127708551,0.1385506755548701,0.13552785220707594
2025-02-28,0.1267273299433508,0.19168788172591333,0.1398648116599377,0.13147742628807094
2025-03-03,0.13658022610032872,0.20072247874385654,0.1429577399236273,0.13144867016947218
2025-03-04,0.13675201518964258,0.19349343612099193,0.14239469860213314,0.137924794638725
2025-03-05,0.1378683113502041,0.19699586800889735,0.13704444759424933,0.1388363809074616
2025-03-06,0.14447023069378306,0.20617806428290744,0.1382983425373821,0.1381906906282794
2025-03-07,0.14453550117418526,0.20780197620226643,0.13802058762630712,0.13625911915241082
2025-03-10,0.16140486841348844,0.23272044885063523,0.1407141948472255,0.13854708942447727
2025-03-11,0.15865741699126457,0.2198707836667237,0.13923821393017888,0.1371367698750049
2025-03-12,0.15694551720096536,0.21766444639701416,0.1380310253450412,0.1384975885322232
2025-03-13,0.15995045382851653,0.22197244928227425,0.14419784237118205,0.1402082317992313
2025-03-14,0.1724352736451317,0.23508644415070687,0.13937404397915423,0.14112753004088363
2025-03-17,0.1746081328091566,0.23659501644563574,0.1396841058958063,0.13991136766603463
2025-03-18,0.17597980719348724,0.2398490575378215,0.14206580366470353,0.1395282758133415
2025-03-19,0.17819290250937206,0.24047425538281328,0.14045590483597198,0.1399365402861513
2025-03-20,0.17730628793446832,0.2394747204882569,0.14033270405910434,0.13204627030905117
2025-03-21,0.1765061761217604,0.23896268888743422,0.14276380442439077,0.13334412574340518
2025-03-24,0.18467924767918076,0.24659889404624946,0.1439448856330782,0.1354656572671481
2025-03-25,0.18341176923298913,0.24410260810316742,0.13681060730270012,0.1351217932648965
2025-03-26,0.18567377680456348,0.24857127207565324,0.13617127500702153,0.13519556722469311
2025-03-27,0.18564913727655954,0.2485054790289171,0.14056280835110582,0.12907654012055136
2025-03-28,0.1888966690409099,0.25180471551802913,0.1395128901095852,0.12630464493157154
2025-03-31,0.1908281713580627,0.2508566548433734,0.13500792052837762,0.1284684172468608
2025-04-01,0.19079936142539078,0.2527612717682063,0.1289870010158089,0.12339268054217886
2025-04-02,0.19207555854917638,0.2546694895618167,0.12890917770031834,0.12352140776977434
2025-04-03,0.2348714883058426,0.29231235276849254,0.13099146385724172,0.12369690580940619
2025-04-04,0.28089586452060883,0.33264190041610603,0.14998142889756316,0.12283130335993495
2025-04-07,0.2810963551842971,0.3334283054348445,0.1630005768466816,0.152634606988788
2025-04-08,0.28263831789479377,0.3346434151094204,0.1585524079446511,0.1533019535109408
2025-04-09,0.42792880111382414,0.4969298288665461,0.1900463057054563,0.15329360061076933
2025-04-10,0.4429895203636807,0.505139240961883,0.19344930200210395,0.17075663398652524
2025-04-11,0.44386414459573553,0.5060616038247213,0.19641957142280406,0.16698250561680536
2025-04-14,0.44323719482258833,0.503700120432041,0.19654717230193997,0.16879659170848263
2025-04-15,0.4423169003042214,0.5037904291867151,0.19601827923852483,0.16646722748881632
2025-04-16,0.44439272832756505,0.5080111152037404,0.21327648779214206,0.16636795981481226
2025-04-17,0.44236160132642427,0.5029790222644682,0.21301686405229003,0.1678452094279336
2025-04-21,0.4459116872016429,0.5060108681232364,0.22593022775726646,0.17442924466324702
2025-04-22,0.4481964733819152,0.5019899063934875,0.22943819481351727,0.1720980204966527
2025-04-23,0.4504334606525259,0.506872921047648,0.24368344469343978,0.17435005616227298
2025-04-24,0.4546008327040034,0.5126695339052049,0.24554800946501554,0.17688410593076756
2025-04-25,0.453400935949076,0.510827376062458,0.2461007085864714,0.17627757068309446
2025-04-28,0.4492958724923892,0.505994423584115,0.24783600183098292,0.17679254809430592
2025-04-29,0.4490947063220407,0.5060080427541402,0.25095038812221293,0.1779295436363969
2025-04-30,0.4480072759554289,0.50343148465288,0.25165877842869316,0.17939014604445278
2025-05-01,0.4473381747856861,0.5033612609548512,0.26074116110476475,0.18015623214057955
2025-05-02,0.44933781978262183,0.5048995718358598,0.26055612015661916,0.1823756288282271
2025-05-05,0.44961067015433337,0.5052648597974069,0.27067856488253134,0.18230395876179528
2025-05-06,0.44713652666597464,0.5025856687831209,0.2787567393119368,0.18070507163392377
2025-05-07,0.44726947219496316,0.5024314656275327,0.2844043104425719,0.18128087347812286
2025-05-08,0.4464100623921205,0.500292954137548,0.29223070129631945,0.18305997206141333
2025-05-09,0.4463520962657686,0.4999427558426768,0.29090256709848183,0.18306062727048011
2025-05-12,0.45186249317963,0.5059499872952368,0.3041893091355133,0.1794107260143722
2025-05-13,0.4518527080747593,0.5070524269271922,0.30196340182557113,0.1763132542946186
2025-05-14,0.45184990139107617,0.5069314807310056,0.30882358721446895,0.17557507432825648
2025-05-15,0.4517471538938553,0.5068547837764303,0.3119209492656863,0.17843858318509276
2025-05-16,0.42497596590303355,0.4772825569564724,0.31364334763450785,0.17791241507937972
2025-05-19,0.38200779301411986,0.43280631543544634,0.30658297195764883,0.17366112780079043
2025-05-20,0.38230509823880426,0.43370181883299347,0.30154480566273867,0.1534310641448918
2025-05-21,0.38289624830971575,0.43178339863821513,0.30169792583971916,0.15177050526350006
2025-05-22,0.2405055320642375,0.26893044288787404,0.2866187427736409,0.15150323797779097
2025-05-23,0.1994676824015916,0.2346391566949175,0.2850085733830195,0.13028408879834705
2025-05-27,0.20149785235509665,0.23771177551442838,0.28546410896988667,0.13598352285143248
2025-05-28,0.20233769723553593,0.23907309459140774,0.28494777591907444,0.13450240444479172
2025-05-29,0.20161208663361066,0.23898673141072094,0.28504423090088254,0.13709681170065025
2025-05-30,0.18726274675978308,0.21642629497570626,0.2695836856352494,0.13600476042624085
2025-06-02,0.18717902532973146,0.2159150698392267,0.2802178775153802,0.1386554950790279
2025-06-03,0.16756261932768443,0.19588384130903463,0.26635874085691574,0.12948144582869414
2025-06-04,0.15583742556735328,0.18709119617660838,0.2638940739401893,0.13717602287737043
2025-06-05,0.1540887628712883,0.18396794191264643,0.2544112693773291,0.13408309803237783
2025-06-06,0.14636924978592533,0.1710253126625254,0.25412975577302516,0.1346955027245531
2025-06-09,0.14596715171969332,0.169930986750186,0.25245873639251465,0.13248248410482374
2025-06-10,0.14598257778991988,0.16961269801644888,0.2489914678580701,0.13195116228313117
2025-06-11,0.14662855901936814,0.1708231395164747,0.24778349076762413,0.12941541884586433
2025-06-12,0.1464941558017087,0.1704755810550183,0.2490152138364348,0.13352342497485173
2025-06-13,0.1514184972190609,0.1746433437527886,0.2425094494147209,0.1340202278627997
2025-06-16,0.14832877593591734,0.17411577581091023,0.24713952578729312,0.13355475641662465
2025-06-17,0.1498336143399022,0.17616279428592824,0.23218276379095237,0.13791424181989584
2025-06-18,0.14676044770148017,0.17261970141943153,0.21769198831951453,0.13763312892638752
2025-06-20,0.14824595563955137,0.17388435712492573,0.2132937585728694,0.13702130232417561
2025-06-23,0.14933665149652361,0.1734831212247362,0.20505396674978507,0.13360969799372438
2025-06-24,0.15120944495325014,0.17677146770484875,0.20951201527198074,0.13521432260984034
2025-06-25,0.12025777419395942,0.13687582795084077,0.19178084216514543,0.13221562913316698
2025-06-26,0.12076908714458383,0.13299210744081025,0.19163224437869233,0.13210352454122332
2025-06-27,0.12120390748909937,0.13252256658328052,0.18890326380868802,0.13197367734883586
2025-06-30,0.12117957031068793,0.13316447479000618,0.18649579244396933,0.13255793303013977
2025-07-01,0.12042509048714735,0.1363610343591375,0.1837618255307693,0.13258094983906574
2025-07-02,0.12078131208972953,0.13721389855031985,0.18103423038734695,0.13377737707549694
2025-07-03,0.12129691368360483,0.13821703372062294,0.1747848010240344,0.13365707237974753
2025-07-07,0.1113872698704605,0.1328778834882904,0.1735519563721466,0.12656448119716313
2025-07-08,0.1115476016739884,0.132984054445255,0.17433056526647633,0.12602254868238072
2025-07-09,0.10879838247228654,0.12886527022185545,0.1623555824951817,0.12916935355974243
2025-07-10,0.09403632617587747,0.11369758004749085,0.15471086631480593,0.12315093362919864
2025-07-11,0.0926400924416744,0.11277270020934932,0.15685473070249642,0.12929333459246273
2025-07-14,0.09245482810774523,0.11284290561087715,0.15650014762703612,0.12654153962834755
2025-07-15,0.09379995742818317,0.11233338211138551,0.15573002049641574,0.1279543402375996
2025-07-16,0.09322436374910942,0.11114811099577006,0.13542174465505796,0.1223974481119956
2025-07-17,0.09338590779897553,0.11127350392167426,0.1331322686926668,0.12228462492408852
2025-07-18,0.09348303954397556,0.11161337995006246,0.13195016712416796,0.11242147677454435
2025-07-21,0.09138050749888121,0.1081997427602456,0.1385832307907402,0.11561121956499061
2025-07-22,0.08803846192239104,0.10806548161848163,0.13451535217614774,0.11055808004179232
2025-07-23,0.09022432036895785,0.10832010985023403,0.13968397683662598,0.11190633683780604
2025-07-24,0.08960213650772088,0.107451556513586,0.14105030289053322,0.11106778535352897
2025-07-25,0.08881817506390852,0.10629147641672299,0.14293236429272885,0.11222856806831505
2025-07-28,0.08882204426893407,0.1063320574856512,0.13902643270502116,0.10799450852904746
2025-07-29,0.08108754016636664,0.09756462474441609,0.13321627317380408,0.11554382709923165
2025-07-30,0.07848060126681983,0.09137088736921317,0.13607129647620697,0.11250287844220958
2025-07-31,0.07413839503098746,0.08718578903585393,0.1378679440828555,0.1069989077697012
2025-08-01,0.09103099815811905,0.10775741035424412,0.15021103082376427,0.11092916132561793
2025-08-04,0.0972148946255802,0.11691341285984871,0.15117518774743297,0.11089187683845128
2025-08-05,0.09637587784994149,0.11792997000848318,0.1509355898585053,0.11085791124665466
2025-08-06,0.09393804414280972,0.11546780083817895,0.1435532029451636,0.1105069437937472
2025-08-07,0.09413591980731054,0.11554694839055182,0.14522450235434833,0.11059053993349144
2025-08-08,0.09412028843471368,0.11553429692851126,0.14515229234905394,0.11028224380893012
2025-08-11,0.09396484279999885,0.11619190661779746,0.14127916069963758,0.10878729562215662
2025-08-12,0.09741516018741256,0.11974646651777522,0.13732783885325425,0.10561807854136761
2025-08-13,0.09746673253920655,0.11591626123819716,0.13520262783473547,0.108579823004962
2025-08-14,0.09709814583294599,0.11520409860141154,0.13552430054187717,0.10914797064804696
2025-08-15,0.09559473547140665,0.1138904819354283,0.13406233268720585,0.10923503142247601
2025-08-18,0.09229954800367664,0.11093863370784368,0.13412724868476364,0.1059409189847143
2025-08-19,0.09417032648169402,0.11923138029059156,0.13151615929670116,0.10716515959369778
2025-08-20,0.0935563486303954,0.11946547110772537,0.13412185329682796,0.10292175607759307
2025-08-21,0.09434064656165095,0.12029407982759477,0.13444254069493997,0.1038806233648548
2025-08-22,0.10278417340156959,0.1274848879561574,0.13515352893137714,0.09776829435774177
2025-08-25,0.10400469989485839,0.12775274663156108,0.13489441827846824,0.09797278316650011
2025-08-26,0.1031997393315883,0.12807851539026194,0.13572418009256157,0.09544229552738294
2025-08-27,0.10305652557492631,0.12808901948307805,0.13516389549954644,0.095563825165543
2025-08-28,0.10225409040468635,0.127313310335637,0.13636116664928988,0.09707010527193763
2025-08-29,0.10417946682414782,0.1322995811542221,0.13866641734209104,0.09972509310824197
2025-09-02,0.1068908273221888,0.13402023699547522,0.14784951724733808,0.10207088122618407
2025-09-03,0.10777388508359338,0.1348704303523073,0.14713447694915957,0.10560059804427326
2025-09-04,0.10768147137553491,0.13664570340433657,0.1424243201722026,0.10644045362522303
2025-09-05,0.10820779845566413,0.13659806624580131,0.1444701683675187,0.11444649400639559
2025-09-08,0.10782662754458458,0.13705624246247722,0.14262358238887032,0.11897470857719597
2025-09-09,0.10790035462774102,0.13701512557003054,0.14073294861733188,0.1185450701319577
2025-09-10,0.1075964871749302,0.13684887444888305,0.14073950187029308,0.10989395598928459
2025-09-11,0.10948546885554214,0.13761174899435383,0.12776120954679243,0.10955095761242145
2025-09-12,0.1085816795877448,0.13664566576764303,0.12750630500033794,0.11075461371283812
2025-09-15,0.09519536872834727,0.12276654503058884,0.11907642826474409,0.10736030563970839
2025-09-16,0.08708635854035646,0.11296001196371025,0.1188314179880947,0.1072827377398115
2025-09-17,0.08526292098177454,0.1107023600429368,0.12268499271716105,0.10752081161145305
2025-09-18,0.0838557817309528,0.10812177792652174,0.1234465081828387,0.1106573198444979
2025-09-19,0.08356993345018562,0.10904039632791881,0.12448972561826259,0.11069375877131787
2025-09-22,0.08206330140078082,0.10706344984890764,0.13110662515398575,0.11043156840946441
2025-09-23,0.08394418369374113,0.1089391948915336,0.11994447881508243,0.11198999972212406
2025-09-24,0.08021472289835568,0.1045811378747786,0.12500585328801037,0.11149385639519639
2025-09-25,0.08143766866601035,0.10567741039346805,0.12500296960932872,0.10922158426791462
2025-09-26,0.08270919545752277,0.1060045580602575,0.12146050183706901,0.10671379416616832
2025-09-29,0.08231561079519316,0.10528622815926571,0.1261609714619487,0.10615437407998624
2025-09-30,0.08259374272857901,0.10525603315698083,0.12527001249046296,0.10615682751181763
2025-10-01,0.08039487547285065,0.09567706576452838,0.1217992037515791,0.10543023894249215
2025-10-02,0.0794468374030204,0.09286878122778233,0.12336382135579753,0.1055201910738952
2025-10-03,0.07782137728433577,0.09260458153869303,0.12121790744822733,0.10437704275080363
2025-10-06,0.06658135578303263,0.08541614930405865,0.12666301077849265,0.10584986056121326
2025-10-07,0.06609015378405282,0.08687447704535643,0.12450166756222299,0.10631600844527528
2025-10-08,0.06694430321606164,0.09099258983824812,0.1283709313566907,0.10622230626177197
2025-10-09,0.06804128308811044,0.0915147941214577,0.1462566221579344,0.10616370928580851
2025-10-10,0.10612371556775675,0.13973226214191928,0.14680720341747655,0.11388872588315094
2025-10-13,0.11305630344909712,0.14675226257511573,0.15637663266643265,0.11123653910435274
2025-10-14,0.11047678969588573,0.14579324645500938,0.14707572135624447,0.10455698528818205
2025-10-15,0.11018367686382576,0.1455235136698918,0.15103499623468217,0.10165946778960716
2025-10-16,0.11029042088452669,0.14474814041017076,0.15642421101470758,0.1015960810543489
2025-10-17,0.11071988845332877,0.1455068852293774,0.17129460806173014,0.09324254355158051
2025-10-20,0.11403708088362523,0.14869736149803062,0.19282250711880738,0.08612552801673017
2025-10-21,0.11403235920657082,0.14879448352434707,0.28050343780823683,0.08478862694482327
2025-10-22,0.11532106315799548,0.15239194669487238,0.28075244163818214,0.08362084135733484
2025-10-23,0.11417714540681409,0.15322000820057585,0.28025314131994056,0.08462390338325668
2025-10-24,0.11613071152228975,0.15530717070679248,0.28105807940405697,0.08342782550689792
2025-10-27,0.1196782505428443,0.1610480159852524,0.2951125283181017,0.08367699290658366
2025-10-28,0.11948452321694236,0.1616169130305595,0.2965285557744606,0.08376895468810829
2025-10-29,0.11926159692140385,0.16120336405439803,0.2955670750356653,0.08896039661446153
2025-10-30,0.12410374506677709,0.1679718868077791,0.29886499259535193,0.08513378993762721
2025-10-31,0.1242434984006915,0.1675591873860457,0.299138294326196,0.08545673572318196
2025-11-03,0.12376110445921656,0.1675639542653806,0.29601209320047467,0.08678885843876781
2025-11-04,0.12791586958056442,0.17781112932122187,0.3015074720562762,0.08472124713308145
2025-11-05,0.12764474060582826,0.1778684691707255,0.3010533494082258,0.08999458299207637
2025-11-06,0.13110438208393438,0.18659234225771582,0.30117505627960905,0.09368612377179451
2025-11-07,0.1302249411659425,0.18675212612376374,0.3012126810774437,0.09388868665907078
2025-11-10,0.13729277708713103,0.19647568076900018,0.30726739670303543,0.09081936260070037
2025-11-11,0.1370928958462249,0.1967823271081609,0.30677715653841164,0.09133894028186818
2025-11-12,0.13688278763223646,0.19656877956650487,0.3093202419599768,0.09138009257649861
2025-11-13,0.14582612802799705,0.2058785862248302,0.31042829453321297,0.09428380361996644
2025-11-14,0.14582850380766857,0.20545098730659456,0.315714609229888,0.09557074263561043
2025-11-17,0.1479855248230903,0.20588605294139173,0.3137600316045655,0.09294414737134502
2025-11-18,0.14955261495673514,0.20834001833213286,0.3140705083191208,0.09143200615238947
2025-11-19,0.1488973975754965,0.2062257952179107,0.31060245942930464,0.09157655660214803
2025-11-20,0.1548197870390559,0.21684789111822783,0.30542781483286024,0.09229984861513742
2025-11-21,0.13660360621065248,0.19360194462215605,0.30428626234707473,0.07931758319076782
2025-11-24,0.13601742331047484,0.19808559902525896,0.29952232167792064,0.08126000399785338
2025-11-25,0.13843651126543866,0.19768478484492769,0.29883423866421105,0.08104647872351553
2025-11-26,0.13920086092628928,0.19825011350594662,0.2953644933543803,0.0819101669248447
2025-11-28,0.1379413112139229,0.19890602396050616,0.2894058959201988,0.07983570927436054
2025-12-01,0.13822465663656155,0.19862849077778022,0.2845192107833344,0.09168564178240159
2025-12-02,0.1352671786601121,0.19663531839538467,0.263497987787708,0.09069010967562993
2025-12-03,0.13551862964702677,0.19668387974206464,0.18360490936722665,0.08969925917915743
2025-12-04,0.13437763249341314,0.19430181538610303,0.18359112999030783,0.09039974723624039
2025-12-05,0.13355964620859462,0.193274143574103,0.18351382400423796,0.08943555059653974
2025-12-08,0.1320591989087477,0.1911590708107769,0.1833874666772707,0.08949693596244158
2025-12-09,0.12753960473661435,0.1839855273950485,0.16241221105959547,0.0886747195560191
2025-12-10,0.12879416759449352,0.18295572896735599,0.1602595511744301,0.08923838072871038
2025-12-11,0.12895806430043935,0.18259533646719592,0.16105755251910284,0.08529869380409229
2025-12-12,0.1287755697123971,0.18560779278816464,0.1531861345972067,0.08782984685013409
2025-12-15,0.12850430625441095,0.18529953623305848,0.15151598835319605,0.08782363827870457
2025-12-16,0.12860327151441747,0.18472551244685403,0.15164407219674833,0.08848145302659288
2025-12-17,0.1279551292596243,0.183192930471371,0.1402819046124928,0.08805055460753951
2025-12-18,0.1294993801061795,0.18743405565477478,0.1387651137324878,0.08404414874907967
2025-12-19,0.12655707156766277,0.18354052122568798,0.13833988614800297,0.08188923963485693
2025-12-22,0.12762638029071485,0.18344756894086253,0.14999937073581346,0.08189675150272488
2025-12-23,0.1202314419951903,0.17227140854497086,0.13536778769844435,0.08218272135336564
2025-12-24,0.1204565255224078,0.17228289648280526,0.13689958807889113,0.08312355426345716
2025-12-26,0.12046353679123242,0.17226018537363727,0.13370233318212787,0.08310444379596242
2025-12-29,0.10998792695281574,0.16164391924138463,0.1870990814495448,0.08114571379534914
2025-12-30,0.11011095745652318,0.16188464137446498,0.17781363309100767,0.07984732771404401
2025-12-31,0.10872363547478367,0.16175130286805275,0.17508603014118443,0.08231306334704981
2026-01-02,0.10516605342345159,0.1573683699584099,0.1746354025076318,0.08233478082248481
2026-01-05,0.10609722922480183,0.1580151323705215,0.1881545311213689,0.08386291788975853
2026-01-06,0.0946077634680599,0.1409903486266721,0.18924143919517228,0.08288612073944408
2026-01-07,0.09262377728401046,0.14008943296486176,0.19243025302462677,0.08438218097682107
2026-01-08,0.08382551982998962,0.12237144647676833,0.18875841779009297,0.08310320861383877
2026-01-09,0.08176742963746696,0.1242805867121975,0.18897693711731986,0.08542657882672361
2026-01-12,0.07982598103566876,0.12203366931538732,0.19395184506540317,0.08413064358959062
2026-01-13,0.07893559224847953,0.1201408569089087,0.19244842965806802,0.0837779913366323
2026-01-14,0.07913743993013052,0.12394797188869887,0.19356095565928313,0.07275778067931865
2026-01-15,0.07930656882628517,0.12226972594947845,0.19343012406849014,0.07273523095981896
2026-01-16,0.07890398765525646,0.12207342382624849,0.19445069395941017,0.0739149177541169
2026-01-20,0.09917550085674505,0.13662027566449356,0.21900014368372756,0.081377829990922
2026-01-21,0.10482176539856744,0.14215875311582568,0.22027048312482342,0.08396660643132633
2026-01-22,0.10547806368625604,0.1438211064471922,0.22263672629216244,0.08453202514616785
2026-01-23,0.10542231315147797,0.1440896119621321,0.22394061161373413,0.084867707790075
2026-01-26,0.1047078345510956,0.14416904617826837,0.22537598933776845,0.08526875408146409
2026-01-27,0.10510012197801827,0.1462189859501966,0.23133733007549664,0.08710376262523567
2026-01-28,0.09974171076547489,0.13424816909818732,0.2494867417970967,0.08262110199664936
2026-01-29,0.09984152435105079,0.13465824586603456,0.24912158585389915,0.08260406471840386
2026-01-30,0.09991810886127192,0.13982556016199427,0.4055009973856261,0.08256021019141747
2026-02-02,0.09428714437408167,0.12856856012552603,0.42499267035126237,0.08460053532064171
2026-02-03,0.09629314885057785,0.13130542771829934,0.4599150867964649,0.08359989483591189
2026-02-04,0.09614495778079345,0.1355659988466798,0.46007253796666986,0.08114130602214868
2026-02-05,0.10126793297710042,0.1407091531691467,0.4653700152338385,0.08719950149616337
2026-02-06,0.11530248527049285,0.15410804750104787,0.47141164029619753,0.08709903528421332
2026-02-09,0.11569435574403993,0.1556599720125577,0.474931388764789,0.08520383455260236
2026-02-10,0.11598436293871275,0.156120243509609,0.47627126425505867,0.09113311454848416
2026-02-11,0.11546736976427331,0.15587660080639726,0.45483640168052153,0.09194033053690283
2026-02-12,0.12405844777498554,0.16623695387742982,0.4696045429895947,0.09931307551224323
2026-02-13,0.12220477049070781,0.16500006034356543,0.47198743152217104,0.09693291018734215
2026-02-17,0.12217811978631382,0.16495839079038913,0.48388534159565566,0.09666426865004757
2026-02-18,0.12149972152328421,0.1647499787390728,0.48250604282012355,0.09694985202013348
2026-02-19,0.12036532647950432,0.16253861657998142,0.48212173448990847,0.09657143804732446
2026-02-20,0.12198264347642893,0.16496879604677575,0.4824274574757975,0.0958421323041445
2026-02-23,0.1255384307789882,0.1676862223416271,0.4866386563256236,0.0947047354153494
2026-02-24,0.12586657277096414,0.1681439800949218,0.48989031756877227,0.09318848831541345
2026-02-25,0.12830086965750057,0.17396965019869487,0.4885845227729018,0.09254844198319707
2026-02-26,0.12917736690191337,0.17716109110786732,0.4884280036711614,0.09296977543229458
2026-02-27,0.12914172969647703,0.17486727386701645,0.4887903857318326,0.09310340676620285
2026-03-02,0.1288715749417034,0.17451495780078666,0.48823386782675715,0.10185949033182332
2026-03-03,0.13123879521761875,0.17691781776857177,0.5086360312025099,0.10041565026597339
2026-03-04,0.11867602444810199,0.17219865751064897,0.4986412430268327,0.09240858617250394
2026-03-05,0.11502073309788367,0.16769825472021838,0.4992479786635677,0.09128533820171018
2026-03-06,0.11971948586455994,0.17132197839639057,0.4985586128145267,0.09138060015827457
2026-03-09,0.12285186954520648,0.17600503035480194,0.49744202574583196,0.09434791169878505
2026-03-10,0.12173452921244181,0.17534756288591655,0.4967698057945492,0.0987678840054504
2026-03-11,0.12091648426916059,0.17281478404585132,0.4920487955000861,0.10418038269626848
2026-03-12,0.127756907340037,0.1782688962184754,0.4815694615952253,0.10412882752633429
2026-03-13,0.1283444681829904,0.17825736295429476,0.48252590255010674,0.10501083867534537
2026-03-16,0.13264347323791623,0.17949879874524804,0.37631927749514943,0.10637549673167736
2026-03-17,0.13188541834940584,0.17882290373959336,0.35553454796882755,0.10470107790287078
2026-03-18,0.1354404660359885,0.1778861488626163,0.31897825652479006,0.1059073342837754
2026-03-19,0.13508227552675903,0.17117178836812602,0.3401003667349343,0.1069904661319189
2026-03-20,0.13893536783381738,0.17440215955596092,0.3427647491044747,0.11615609141930427
2026-03-23,0.12971603962698003,0.16508831594841983,0.33323569756091986,0.11794040506189322
2026-03-24,0.12829432812142266,0.16370486623491107,0.32187787387283173,0.1185013690451588
2026-03-25,0.1301249415299422,0.16513720644246735,0.3366896142802586,0.1169414711915851
2026-03-26,0.13816413552748918,0.17712087008056088,0.3479253957596738,0.11835753093090162
2026-03-27,0.13956100314624076,0.17641876705862575,0.3547047377440035,0.11134329279199769
2026-03-30,0.1392835030659681,0.17664656385691138,0.3451466475683856,0.11764360562461822
2026-03-31,0.16639646675041014,0.20563095155647548,0.35479876124121795,0.1173539295190265
2026-04-01,0.16741248794225247,0.2079125646429414,0.35219900067213084,0.11763059781040756
2026-04-02,0.1675154827456087,0.20784921430097428,0.355741732616454,0.11940223915649124
2026-04-06,0.1665522303672625,0.20684834985287706,0.34974625381860724,0.11935181623658521
2026-04-07,0.16453434178165482,0.2041641689540284,0.34039984563872777,0.11855426806567165
2026-04-08,0.18028061971039244,0.22015492848351126,0.3400238080531116,0.11893883495974478
2026-04-09,0.17929493098021884,0.216846821743646,0.34138215301541674,0.11895235526369445
2026-04-10,0.178675347775061,0.21397345771719048,0.339812379873858,0.11797099060251917
2026-04-13,0.18055125832659485,0.21570323441317293,0.3364819185136722,0.11659903513237609
2026-04-14,0.18393849308344767,0.22160431456123603,0.341501360106819,0.11261709490415327
2026-04-15,0.18299300714232938,0.2216381550476817,0.3189016989199744,0.11302657179984912
2026-04-16,0.18215673930406628,0.21826863665511406,0.31760841071509655,0.11393922480157846
2026-04-17,0.18391939856665643,0.2202407604258191,0.31922417052329594,0.11731494926231827
2026-04-20,0.17903394398431424,0.21477876925501738,0.31567945104966283,0.11695126722778186
2026-04-21,0.1793722411971819,0.21306847807564996,0.32470058230846865,0.11445096968731427
2026-04-22,0.18093269260974332,0.21715906424754966,0.3254993607239634,0.11098171531886754
2026-04-23,0.18146435533578217,0.21834098071055605,0.32609363522013557,0.10479094482877727
2026-04-24,0.17508023278133,0.21538480061548856,0.32306683789345114,0.10481957383872337
2026-04-27,0.17343564824105717,0.2137045760843578,0.3219297266944991,0.10482556244480781
2026-04-28,0.17322083408432404,0.21619869939944875,0.32540123283509115,0.1022486361112653
2026-04-29,0.17333752405829805,0.21631519453517015,0.3262165120619556,0.10404160350951323
2026-04-30,0.16794825427494278,0.21076578061094153,0.318511115916925,0.10298578357202816
2026-05-01,0.16719958166434326,0.21027309779182404,0.29533875684946675,0.10108690649331228
2026-05-04,0.15750342437934622,0.19984427651472486,0.2873598608877929,0.08770989284809641
2026-05-05,0.15670044090573138,0.20064001707159096,0.27991916112440834,0.08708133863102313
2026-05-06,0.15824567840562748,0.2024202150723714,0.29224548232584857,0.08916842102692392
2026-05-07,0.15944550830357204,0.20345570787155437,0.2801258128760288,0.08548272998598958
2026-05-08,0.14625474478202374,0.18948514657796023,0.2546913092843494,0.08345109366039016
2026-05-11,0.13146355938697235,0.1723015354355704,0.23554132769021277,0.08379879777133918
2026-05-12,0.13053900039465383,0.17297882192236688,0.23604625442159083,0.07580515433761566
2026-05-13,0.10927787893357126,0.15492477128399376,0.2100911766888729,0.07593319421872426
2026-05-14,0.10937130458607172,0.15415119936559588,0.20456208502765416,0.07508551788078002
2026-05-15,0.11901598402514994,0.16623373696841162,0.20801114841055252,0.0831203186304788
2026-05-18,0.11977492540800481,0.16914795410887834,0.20803216929147222,0.08311154651552541
2026-05-19,0.1232451061555161,0.1720542419172053,0.21058152601017313,0.08441967070009747
2026-05-20,0.10654400360782575,0.16003372728065474,0.21442879811754254,0.09056267437574839
2026-05-21,0.10628377092689051,0.16031542717040237,0.21271936329131375,0.09153486363796084
2026-05-22,0.10575182129417415,0.15993134866066003,0.2134436100550584,0.09326927946999784
2026-05-26,0.10442159091885438,0.16332214683191804,0.21341728225892498,0.09410977820404315
2026-05-27,0.10108574731054237,0.16003748039055218,0.20345324833510706,0.09287535792743049
2026-05-28,0.1002381026211172,0.15812516031260276,0.20564102106092663,0.09372895800197961
2026-05-29,0.10023794001147054,0.1581603954347733,0.20885760101189166,0.09203570950225795
2026-06-01,0.09606825396677092,0.15625639832332355,0.2068243916610552,0.08806550177668845
2026-06-02,0.09527697418544724,0.15452655186517836,0.20638036004982352,0.08841107308343457
2026-06-03,0.09566659659159679,0.15398696974807166,0.1926238995186249,0.08776473622972301
2026-06-04,0.09289068485434963,0.1522175106442708,0.18982875309674707,0.0878316245328069
2026-06-05,0.12226285563284031,0.21318041735295995,0.21393009250293613,0.08874918383277444
2026-06-08,0.1208013228266698,0.21106555673445174,0.213249383684725,0.08942140443608751
2026-06-09,0.12137545165843269,0.2149449141333281,0.21640960888584082,0.09056660789660567
2026-06-10,0.1297976836836026,0.22168192970163186,0.2395697383179001,0.09071048597983446
2026-06-11,0.13810375832302657,0.24001178206090465,0.2593043454625114,0.09614406667899986
2026-06-12,0.13623002565682743,0.23940540925632586,0.25420596768788,0.09638780457652021
2026-06-15,0.1443897106963966,0.2528487533044601,0.26758258498746823,0.09640537775893965
2026-06-16,0.14526673106549373,0.26071372286145156,0.2623637668326874,0.09482087134906125
2026-06-17,0.1493803027173222,0.26148705975623193,0.2677730803958412,0.09368717462753917
2026-06-18,0.14574358065017085,0.2644325252489736,0.24923961554794533,0.09216935900840825
2026-06-22,0.1457615538694152,0.26479515042671126,0.24890921057164078,0.09376480567601977
2026-06-23,0.15027205036317115,0.27557026628917936,0.25131142246894644,0.0927100615305233
2026-06-24,0.15009881432107805,0.2757538498875854,0.2611952478277482,0.09885382144539456
2026-06-25,0.15012399822782474,0.2754995857421728,0.26489712092048595,0.0964196081273879
2026-06-26,0.15047418906830085,0.27685420284458784,0.2691266860960534,0.09598852428507378
2026-06-29,0.1565939252898249,0.28558498150239625,0.2702451414690698,0.09598087754428555
2026-06-30,0.15418058695145842,0.28565647030557034,0.26472568062043766,0.09191883410745104
2026-07-01,0.15423193594664222,0.28930281776176464,0.2656256108688705,0.09762440224607974
2026-07-02,0.15288803505835666,0.29350770774038987,0.27178617915858744,0.09523022437192703
2026-07-06,0.15211027694103815,0.29253239331878417,0.2699538278306142,0.09075075217856375
2026-07-07,0.15278777299837878,0.29769560656113153,0.27123637297154685,0.09579281592437236
2026-07-08,0.15267994227795761,0.29754655146716397,0.27130356731249405,0.09467589350072843
2026-07-09,0.15324570857124561,0.29700694256296256,0.2739334203694836,0.09382476713199532
